,start_date,end_date,url,location,comp_type,divisions,division_type,promoter,promoter_website
0,February 22,,https://www.ifbbpro.com/competition/2025-musclecontest-japan/,"Tokyo, Japan",IFBB Pro,Women's Bikini,Open,Tamer El Guindy (International),http://www.musclecontestinternational.com
1,February 27,March 2,https://www.ifbbpro.com/competition/2025-arnold-classic/,"Columbus, OH, United States",IFBB Pro,Men's Bodybuilding,Open,Lloyd Davis (USA),https://www.arnoldsports.com/
2,February 27,March 2,https://www.ifbbpro.com/competition/2025-arnold-classic/,"Columbus, OH, United States",IFBB Pro,Men's Classic Physique,Open,Lloyd Davis (USA),https://www.arnoldsports.com/
3,February 27,March 2,https://www.ifbbpro.com/competition/2025-arnold-classic/,"Columbus, OH, United States",IFBB Pro,Men's Physique,Open,Lloyd Davis (USA),https://www.arnoldsports.com/
4,February 27,March 2,https://www.ifbbpro.com/competition/2025-arnold-classic/,"Columbus, OH, United States",IFBB Pro,Men's Wheelchair,Open,Lloyd Davis (USA),https://www.arnoldsports.com/
5,February 27,March 2,https://www.ifbbpro.com/competition/2025-arnold-classic/,"Columbus, OH, United States",IFBB Pro,Women's Bikini,Open,Lloyd Davis (USA),https://www.arnoldsports.com/
6,February 27,March 2,https://www.ifbbpro.com/competition/2025-arnold-classic/,"Columbus, OH, United States",IFBB Pro,Women's Fitness,Open,Lloyd Davis (USA),https://www.arnoldsports.com/
7,February 27,March 2,https://www.ifbbpro.com/competition/2025-arnold-classic/,"Columbus, OH, United States",IFBB Pro,Women's Wellness,Open,Lloyd Davis (USA),https://www.arnoldsports.com/
8,March 8,,https://www.ifbbpro.com/competition/2025-san-diego-championships/,"San Diego, California",IFBB Pro,Women's Bikini,Open,Tamer El Guindy (USA),https://musclecontest.com/
9,March 15,,https://www.ifbbpro.com/competition/2025-musclecontest-campinas/,"Campinas, Brazil",IFBB Pro,Women's Bikini,Open,Tamer El Guindy (International),http://www.musclecontestinternational.com
10,March 22,,https://www.ifbbpro.com/competition/2025-fitworld/,"Anaheim, California",IFBB Pro,Men's Classic Physique,Open,Tamer El Guindy (USA),https://musclecontest.com/
11,March 29,,https://www.ifbbpro.com/competition/2025-detroit-pro-am/,"Detroit, MI, United States",IFBB Pro,Men's Bodybuilding,Open,Fouad Abiad,https://hosstile.com/pages/detroit-pro
12,March 29,,https://www.ifbbpro.com/competition/2025-detroit-pro-am/,"Detroit, MI, United States",IFBB Pro,Men's Classic Physique,Open,Fouad Abiad,https://hosstile.com/pages/detroit-pro
13,March 29,,https://www.ifbbpro.com/competition/2025-sampson-showdown/,"Las Vegas, NV, United States",IFBB Pro,Women's Wellness,Open and Masters,Patrick Sampson,https://sampsonproductionsllc.com/
14,March 30,,https://www.ifbbpro.com/competition/2025-dms-china-pro/,"Shanghai, China",IFBB Pro,Men's Classic Physique,Open,DMS China,https://www.dms-sports.com/en/
15,March 30,,https://www.ifbbpro.com/competition/2025-dms-china-pro/,"Shanghai, China",IFBB Pro,Men's Physique,Open,DMS China,https://www.dms-sports.com/en/
16,March 30,,https://www.ifbbpro.com/competition/2025-dms-china-pro/,"Shanghai, China",IFBB Pro,Women's Bikini,Open,DMS China,https://www.dms-sports.com/en/
17,April 4,April 5,https://www.ifbbpro.com/competition/2025-taiwan-pro/,"Kaohsiung, Taiwan",IFBB Pro,Women's Bikini,Open,John Chen,https://www.ifbbpro.com.tw/
18,April 4,April 6,https://www.ifbbpro.com/competition/2025-arnold-sports-festival-south-america/,"Sao Paulo, Brazil",IFBB Pro,Men's Bodybuilding,Open,Tamer El Guindy (International),http://www.musclecontestinternational.com
19,April 4,April 6,https://www.ifbbpro.com/competition/2025-arnold-sports-festival-south-america/,"Sao Paulo, Brazil",IFBB Pro,Men's Wheelchair,Open,Tamer El Guindy (International),http://www.musclecontestinternational.com
20,April 5,,https://www.ifbbpro.com/competition/2025-tri-city-classic-pro-am/,"Columbus GA, GA, United States",IFBB Pro,Men's Classic Physique,Open and Masters,Roland Huff (Tri-City),https://www.bodybe1.com/tricityclassic
21,April 5,,https://www.ifbbpro.com/competition/2025-tri-city-classic-pro-am/,"Columbus GA, GA, United States",IFBB Pro,Men's Physique,Open and Masters,Roland Huff (Tri-City),https://www.bodybe1.com/tricityclassic
22,April 5,,https://www.ifbbpro.com/competition/2025-tri-city-classic-pro-am/,"Columbus GA, GA, United States",IFBB Pro,Women's Figure,Open and Masters,Roland Huff (Tri-City),https://www.bodybe1.com/tricityclassic
23,April 5,,https://www.ifbbpro.com/competition/2025-utah-cup/,"Holladay, UT, United States",IFBB Pro,Men's Classic Physique,Open and Masters,Steve Schmall,https://ssfitnessproductions.com/
24,April 5,,https://www.ifbbpro.com/competition/2025-triple-o-dynasty/,"Meza, Arizona, United States",IFBB Pro,Women's Bodybuilding,Open and Masters,"Cydney Gillon, Whitney Jones, Andrea Shaw",https://tripleodynasty.com/
25,April 5,,https://www.ifbbpro.com/competition/2025-triple-o-dynasty/,"Meza, Arizona, United States",IFBB Pro,Women's Figure,Open and Masters,"Cydney Gillon, Whitney Jones, Andrea Shaw",https://tripleodynasty.com/
26,April 12,,https://www.ifbbpro.com/competition/2025-musclecontest-nordeste/,"Recife, Brazil",IFBB Pro,Men's Physique,Open,Tamer El Guindy (International),http://www.musclecontestinternational.com
27,April 12,,https://www.ifbbpro.com/competition/2025-charlotte-pro/,"Charlotte, NC, United States",IFBB Pro,Men's Physique,Open and Masters,Johnny Stewart,http://www.johnnystewartproductions.com
28,April 12,,https://www.ifbbpro.com/competition/2025-charlotte-pro/,"Charlotte, NC, United States",IFBB Pro,Women's Bikini,Open and Masters,Johnny Stewart,http://www.johnnystewartproductions.com
29,April 12,,https://www.ifbbpro.com/competition/2025-battle-of-the-bodies/,"Tulsa, OK, United States",IFBB Pro,Women's Figure,Open and Masters,Eileen Calabrese,https://npcoklahoma.com/
30,April 12,,https://www.ifbbpro.com/competition/2025-fibo-pro-championships/,"Cologne, Germany",IFBB Pro,Men's Bodybuilding,Open,Jens Thieme & Michael Kohler,
31,April 12,,https://www.ifbbpro.com/competition/2025-fibo-pro-championships/,"Cologne, Germany",IFBB Pro,Men's Classic Physique,Open,Jens Thieme & Michael Kohler,
32,April 12,,https://www.ifbbpro.com/competition/2025-fibo-pro-championships/,"Cologne, Germany",IFBB Pro,Women's Bikini,Open,Jens Thieme & Michael Kohler,
33,April 12,,https://www.ifbbpro.com/competition/2025-fibo-pro-championships/,"Cologne, Germany",IFBB Pro,Women's Figure,Open,Jens Thieme & Michael Kohler,
34,April 19,,https://www.ifbbpro.com/competition/2025-st-louis-pro/,"St. Louis, MO, United States",IFBB Pro,Men's Physique,Open,Jack Titone,http://www.npcmidwest.com
35,April 19,,https://www.ifbbpro.com/competition/2025-st-louis-pro/,"St. Louis, MO, United States",IFBB Pro,Women's Wellness,Open,Jack Titone,http://www.npcmidwest.com
36,April 19,,https://www.ifbbpro.com/competition/2025-vancouver-island-showdown-pro/,"Victoria, British ColombiaCanada",IFBB Pro,Women's Bodybuilding,Open,Corey Swiergosz,http://www.influentialSports.com
37,April 19,,https://www.ifbbpro.com/competition/2025-vancouver-island-showdown-pro/,"Victoria, British ColombiaCanada",IFBB Pro,Women's Physique,Open,Corey Swiergosz,http://www.influentialSports.com
38,April 19,,https://www.ifbbpro.com/competition/2025-vancouver-island-showdown-pro/,"Victoria, British ColombiaCanada",IFBB Pro,Women's Wellness,Open,Corey Swiergosz,http://www.influentialSports.com
39,April 19,,https://www.ifbbpro.com/competition/2025-1-bro-bikini-pro-show/,"Maidenhead, , United Kingdom",IFBB Pro,Women's Bikini,Open,2 Bros Pros,https://www.2bpevents.com/
40,April 20,,https://www.ifbbpro.com/competition/2025-huanji-china-pro/,"Shanghai, China",IFBB Pro,Men's Physique,Open,George Zhang,https://www.instagram.com/ifbb_huanji_china_pro/
41,April 20,,https://www.ifbbpro.com/competition/2025-huanji-china-pro/,"Shanghai, China",IFBB Pro,Women's Bikini,Open,George Zhang,https://www.instagram.com/ifbb_huanji_china_pro/
42,April 26,,https://www.ifbbpro.com/competition/2025-wasatch-warrior/,"Salt Lake City, UT, United States",IFBB Pro,Men's Physique,Open and Masters,Robyn Maher,https://thewasatchwarrior.com/
43,April 26,,https://www.ifbbpro.com/competition/2025-wasatch-warrior/,"Salt Lake City, UT, United States",IFBB Pro,Women's Bikini,Open and Masters,Robyn Maher,https://thewasatchwarrior.com/
44,April 26,,https://www.ifbbpro.com/competition/2025-los-angles-grand-prix/,"Anaheim, California",IFBB Pro,Men's Physique,Open,Tamer El Guindy (USA),https://musclecontest.com/
45,April 26,,https://www.ifbbpro.com/competition/2025-grl-pwr-championships/,"Orlando, Florida",IFBB Pro,Women's Bikini,Open and Masters,Shannon Dey,
46,April 26,,https://www.ifbbpro.com/competition/2025-grl-pwr-championships/,"Orlando, Florida",IFBB Pro,Women's Wellness,Open and Masters,Shannon Dey,
47,April 26,,https://www.ifbbpro.com/competition/2025-world-of-monsterzym-korea-pro/,"Seoul, Korea,  Republic of",IFBB Pro,Women's Bikini,Open,Sungyeob Steve Kim,https://event.monsterzym.com/
48,May 2,,https://www.ifbbpro.com/competition/2025-emerald-cup-masters/,"Bellevue, WA, United States",IFBB Pro,Men's Bodybuilding,Masters,Ivan Ribic,http://www.ribicproductions.com
49,May 2,,https://www.ifbbpro.com/competition/2025-emerald-cup-masters/,"Bellevue, WA, United States",IFBB Pro,Men's Classic Physique,Masters,Ivan Ribic,http://www.ribicproductions.com
50,May 2,,https://www.ifbbpro.com/competition/2025-emerald-cup-masters/,"Bellevue, WA, United States",IFBB Pro,Men's Physique,Masters,Ivan Ribic,http://www.ribicproductions.com
51,May 2,,https://www.ifbbpro.com/competition/2025-emerald-cup-masters/,"Bellevue, WA, United States",IFBB Pro,Women's Bikini,Masters,Ivan Ribic,http://www.ribicproductions.com
52,May 2,,https://www.ifbbpro.com/competition/2025-emerald-cup-masters/,"Bellevue, WA, United States",IFBB Pro,Women's Figure,Masters,Ivan Ribic,http://www.ribicproductions.com
53,May 2,,https://www.ifbbpro.com/competition/2025-emerald-cup-masters/,"Bellevue, WA, United States",IFBB Pro,Women's Physique,Masters,Ivan Ribic,http://www.ribicproductions.com
54,May 2,,https://www.ifbbpro.com/competition/2025-emerald-cup-masters/,"Bellevue, WA, United States",IFBB Pro,Women's Wellness,Masters,Ivan Ribic,http://www.ribicproductions.com
55,May 3,,https://www.ifbbpro.com/competition/2025-musclecontest-sao-paulo/,"Sao Paulo, Brazil",IFBB Pro,Men's Physique,Open,Tamer El Guindy (International),http://www.musclecontestinternational.com
56,May 3,,https://www.ifbbpro.com/competition/2025-emerald-cup-natural-pro/,"Bellevue, WA, United States",IFBB Pro,Men's Physique,Natural,Ivan Ribic,http://www.ribicproductions.com
57,May 3,,https://www.ifbbpro.com/competition/2025-emerald-cup-natural-pro/,"Bellevue, WA, United States",IFBB Pro,Women's Fitness,Natural,Ivan Ribic,http://www.ribicproductions.com
58,May 3,,https://www.ifbbpro.com/competition/2025-florida-grand-prix-masters-pro-2/,"Boca Raton, FL, United States",IFBB Pro,Women's Bikini,Masters,Serge Saric,http://www.floridasportfestival.com/
59,May 4,,https://www.ifbbpro.com/competition/2025-ironbeasts-natural-pro/,"Carcavelos, Portugal",IFBB Pro,Men's Classic Physique,Natural,Mr. Big Evolution,https://www.ifbbpro-portugal.pt/
60,May 4,,https://www.ifbbpro.com/competition/2025-ironbeasts-natural-pro/,"Carcavelos, Portugal",IFBB Pro,Men's Physique,Natural,Mr. Big Evolution,https://www.ifbbpro-portugal.pt/
61,May 4,,https://www.ifbbpro.com/competition/2025-ironbeasts-natural-pro/,"Carcavelos, Portugal",IFBB Pro,Women's Bikini,Natural,Mr. Big Evolution,https://www.ifbbpro-portugal.pt/
62,May 4,,https://www.ifbbpro.com/competition/2025-california-supplement-spain-pro/,"Alicante, Spain",IFBB Pro,Men's Classic Physique,Open,Emilio Martinez (California Sport House),https://californiasupplementsproshow.com/
63,May 4,,https://www.ifbbpro.com/competition/2025-california-supplement-spain-pro/,"Alicante, Spain",IFBB Pro,Women's Bikini,Open,Emilio Martinez (California Sport House),https://californiasupplementsproshow.com/
64,May 10,,https://www.ifbbpro.com/competition/2025-las-vegas-natural-pro-am/,"Las Vegas, NV, United States",IFBB Pro,Men's Physique,Natural and Masters,Remi Bruyninga,https://lasvegasproam.com/
65,May 10,,https://www.ifbbpro.com/competition/2025-las-vegas-natural-pro-am/,"Las Vegas, NV, United States",IFBB Pro,Women's Bikini,Natural and Masters,Remi Bruyninga,https://lasvegasproam.com/
66,May 10,May 11,https://www.ifbbpro.com/competition/2025-pittsburgh-power-fitness-festival/,"Pittsburgh, Pennsylvania",IFBB Pro,Men's Bodybuilding,Open,Jim Manion,https://www.npcpittsburgh.com/
67,May 10,May 11,https://www.ifbbpro.com/competition/2025-pittsburgh-power-fitness-festival/,"Pittsburgh, Pennsylvania",IFBB Pro,Men's Classic Physique,Open,Jim Manion,https://www.npcpittsburgh.com/
68,May 10,May 11,https://www.ifbbpro.com/competition/2025-pittsburgh-power-fitness-festival/,"Pittsburgh, Pennsylvania",IFBB Pro,Men's Physique,Open,Jim Manion,https://www.npcpittsburgh.com/
69,May 10,May 11,https://www.ifbbpro.com/competition/2025-pittsburgh-power-fitness-festival/,"Pittsburgh, Pennsylvania",IFBB Pro,Women's Bikini,Open,Jim Manion,https://www.npcpittsburgh.com/
70,May 10,May 11,https://www.ifbbpro.com/competition/2025-pittsburgh-power-fitness-festival/,"Pittsburgh, Pennsylvania",IFBB Pro,Women's Figure,Open,Jim Manion,https://www.npcpittsburgh.com/
71,May 10,May 11,https://www.ifbbpro.com/competition/2025-pittsburgh-power-fitness-festival/,"Pittsburgh, Pennsylvania",IFBB Pro,Women's Physique,Open,Jim Manion,https://www.npcpittsburgh.com/
72,May 10,May 11,https://www.ifbbpro.com/competition/2025-pittsburgh-power-fitness-festival/,"Pittsburgh, Pennsylvania",IFBB Pro,Women's Wellness,Open,Jim Manion,https://www.npcpittsburgh.com/
73,May 10,,https://www.ifbbpro.com/competition/2025-kokeny-classic-hungary-pro/,"Budapest, Hungary",IFBB Pro,Men's 212 Bodybuilding,Open,Ildiko Buranits,https://www.ifbbproleaguehungary.hu/
74,May 10,,https://www.ifbbpro.com/competition/2025-kokeny-classic-hungary-pro/,"Budapest, Hungary",IFBB Pro,Men's Classic Physique,Open,Ildiko Buranits,https://www.ifbbproleaguehungary.hu/
75,May 10,,https://www.ifbbpro.com/competition/2025-kokeny-classic-hungary-pro/,"Budapest, Hungary",IFBB Pro,Women's Bikini,Open,Ildiko Buranits,https://www.ifbbproleaguehungary.hu/
76,May 11,,https://www.ifbbpro.com/competition/2025-dms-china-pro-3/,"Jiangyin, China",IFBB Pro,Men's Classic Physique,Open,DMS China,https://www.dms-sports.com/en/
77,May 11,,https://www.ifbbpro.com/competition/2025-dms-china-pro-3/,"Jiangyin, China",IFBB Pro,Men's Physique,Open,DMS China,https://www.dms-sports.com/en/
78,May 17,,https://www.ifbbpro.com/competition/2025-new-york-pro/,"Teaneck, NJ, United States",IFBB Pro,Men's 212 Bodybuilding,Open,Steve Weinberger,https://www.bevfrancis.com/npcnortheast/
79,May 17,,https://www.ifbbpro.com/competition/2025-new-york-pro/,"Teaneck, NJ, United States",IFBB Pro,Men's Bodybuilding,Open,Steve Weinberger,https://www.bevfrancis.com/npcnortheast/
80,May 17,,https://www.ifbbpro.com/competition/2025-new-york-pro/,"Teaneck, NJ, United States",IFBB Pro,Men's Classic Physique,Open,Steve Weinberger,https://www.bevfrancis.com/npcnortheast/
81,May 17,,https://www.ifbbpro.com/competition/2025-new-york-pro/,"Teaneck, NJ, United States",IFBB Pro,Men's Physique,Open,Steve Weinberger,https://www.bevfrancis.com/npcnortheast/
82,May 17,,https://www.ifbbpro.com/competition/2025-new-york-pro/,"Teaneck, NJ, United States",IFBB Pro,Women's Bikini,Open,Steve Weinberger,https://www.bevfrancis.com/npcnortheast/
83,May 17,,https://www.ifbbpro.com/competition/2025-new-york-pro/,"Teaneck, NJ, United States",IFBB Pro,Women's Bodybuilding,Open,Steve Weinberger,https://www.bevfrancis.com/npcnortheast/
84,May 17,,https://www.ifbbpro.com/competition/2025-new-york-pro/,"Teaneck, NJ, United States",IFBB Pro,Women's Figure,Open,Steve Weinberger,https://www.bevfrancis.com/npcnortheast/
85,May 17,,https://www.ifbbpro.com/competition/2025-new-york-pro/,"Teaneck, NJ, United States",IFBB Pro,Women's Physique,Open,Steve Weinberger,https://www.bevfrancis.com/npcnortheast/
86,May 17,,https://www.ifbbpro.com/competition/2025-new-york-pro/,"Teaneck, NJ, United States",IFBB Pro,Women's Wellness,Open,Steve Weinberger,https://www.bevfrancis.com/npcnortheast/
87,May 17,,https://www.ifbbpro.com/competition/2025-musclecontest-bullman-pro/,"Dublin, Ireland",IFBB Pro,Men's Classic Physique,Open,Tamer El Guindy (International),http://www.musclecontestinternational.com
88,May 17,May 18,https://www.ifbbpro.com/competition/2025-world-of-monsterzym-korea-pro-2/,"Seoul, Korea,  Republic of",IFBB Pro,Men's Classic Physique,Open,Sungyeob Steve Kim,https://event.monsterzym.com/
89,May 24,,https://www.ifbbpro.com/competition/2025-kansas-city-natural-championships/,"Kansas City, MO, United States",IFBB Pro,Women's Bikini,Natural,Jack Titone,http://www.npcmidwest.com
90,May 24,,https://www.ifbbpro.com/competition/2025-miami-pro/,"Miami, FL, United States",IFBB Pro,Men's Physique,Open and Masters,Geobanny Paula,https://miamifitexpo.com/
91,May 24,,https://www.ifbbpro.com/competition/2025-miami-pro/,"Miami, FL, United States",IFBB Pro,Women's Bikini,Open and Masters,Geobanny Paula,https://miamifitexpo.com/
92,May 24,,https://www.ifbbpro.com/competition/2025-miami-pro/,"Miami, FL, United States",IFBB Pro,Women's Wellness,Open and Masters,Geobanny Paula,https://miamifitexpo.com/
93,May 24,,https://www.ifbbpro.com/competition/2025-optimum-classic-championships/,"Shreveport, LA, United States",IFBB Pro,Men's Classic Physique,Open,Robert Blount,https://www.optimumclassic.com/
94,May 24,,https://www.ifbbpro.com/competition/2025-optimum-classic-championships/,"Shreveport, LA, United States",IFBB Pro,Men's Physique,Open,Robert Blount,https://www.optimumclassic.com/
95,May 24,,https://www.ifbbpro.com/competition/2025-optimum-classic-championships/,"Shreveport, LA, United States",IFBB Pro,Women's Bikini,Open,Robert Blount,https://www.optimumclassic.com/
96,May 24,,https://www.ifbbpro.com/competition/2025-optimum-classic-championships/,"Shreveport, LA, United States",IFBB Pro,Women's Figure,Open,Robert Blount,https://www.optimumclassic.com/
97,May 24,,https://www.ifbbpro.com/competition/2025-optimum-classic-championships/,"Shreveport, LA, United States",IFBB Pro,Women's Physique,Open,Robert Blount,https://www.optimumclassic.com/
98,May 24,,https://www.ifbbpro.com/competition/2025-optimum-classic-championships/,"Shreveport, LA, United States",IFBB Pro,Women's Wellness,Open,Robert Blount,https://www.optimumclassic.com/
99,May 24,,https://www.ifbbpro.com/competition/2025-california-state-championships/,"Anaheim, California",IFBB Pro,Men's Bodybuilding,Open,Tamer El Guindy (USA),https://musclecontest.com/
100,May 24,,https://www.ifbbpro.com/competition/2025-agp-natural-pro-show/,"Gyeonggi State, Korea,  Republic of",IFBB Pro,Men's Bodybuilding,Natural,Alex Hong,https://ifbbprokorea.com/
101,May 24,,https://www.ifbbpro.com/competition/2025-agp-natural-pro-show/,"Gyeonggi State, Korea,  Republic of",IFBB Pro,Men's Classic Physique,Natural,Alex Hong,https://ifbbprokorea.com/
102,May 24,,https://www.ifbbpro.com/competition/2025-agp-natural-pro-show/,"Gyeonggi State, Korea,  Republic of",IFBB Pro,Men's Physique,Natural,Alex Hong,https://ifbbprokorea.com/
103,May 24,,https://www.ifbbpro.com/competition/2025-agp-natural-pro-show/,"Gyeonggi State, Korea,  Republic of",IFBB Pro,Women's Bikini,Natural,Alex Hong,https://ifbbprokorea.com/
104,May 25,,https://www.ifbbpro.com/competition/2025-agp-pro-show/,"Gyeonggi State, Korea,  Republic of",IFBB Pro,Men's Classic Physique,,Alex Hong,https://ifbbprokorea.com/
105,May 25,,https://www.ifbbpro.com/competition/2025-agp-pro-show/,"Gyeonggi State, Korea,  Republic of",IFBB Pro,Men's Physique,,Alex Hong,https://ifbbprokorea.com/
106,May 25,,https://www.ifbbpro.com/competition/2025-agp-pro-show/,"Gyeonggi State, Korea,  Republic of",IFBB Pro,Women's Bikini,,Alex Hong,https://ifbbprokorea.com/
107,May 25,,https://www.ifbbpro.com/competition/2025-everest-muscle-games-poland-pro/,"Warsaw, Poland",IFBB Pro,Men's Classic Physique,Open,Robert Piotrkowicz,https://ifbbpro.com.pl/
108,May 25,,https://www.ifbbpro.com/competition/2025-everest-muscle-games-poland-pro/,"Warsaw, Poland",IFBB Pro,Men's Physique,Open,Robert Piotrkowicz,https://ifbbpro.com.pl/
109,May 25,,https://www.ifbbpro.com/competition/2025-everest-muscle-games-poland-pro/,"Warsaw, Poland",IFBB Pro,Women's Bikini,Open,Robert Piotrkowicz,https://ifbbpro.com.pl/
110,May 25,,https://www.ifbbpro.com/competition/2025-everest-muscle-games-poland-pro/,"Warsaw, Poland",IFBB Pro,Women's Wellness,Open,Robert Piotrkowicz,https://ifbbpro.com.pl/
111,May 31,,https://www.ifbbpro.com/competition/2025-legion-sports-fest/,"Reno, Nevada",IFBB Pro,Men's Bodybuilding,Open,Chris Minnes,https://centerpodium.com/
112,May 31,,https://www.ifbbpro.com/competition/2025-legion-sports-fest/,"Reno, Nevada",IFBB Pro,Men's Classic Physique,Open,Chris Minnes,https://centerpodium.com/
113,May 31,,https://www.ifbbpro.com/competition/2025-legion-sports-fest/,"Reno, Nevada",IFBB Pro,Men's Physique,Open,Chris Minnes,https://centerpodium.com/
114,May 31,,https://www.ifbbpro.com/competition/2025-legion-sports-fest/,"Reno, Nevada",IFBB Pro,Women's Bikini,Open,Chris Minnes,https://centerpodium.com/
115,May 31,,https://www.ifbbpro.com/competition/2025-legion-sports-fest/,"Reno, Nevada",IFBB Pro,Women's Fitness,Open,Chris Minnes,https://centerpodium.com/
116,May 31,,https://www.ifbbpro.com/competition/2025-legion-sports-fest/,"Reno, Nevada",IFBB Pro,Women's Wellness,Open,Chris Minnes,https://centerpodium.com/
117,May 31,,https://www.ifbbpro.com/competition/2025-battle-of-the-titans-natural-pro/,"Nashville, Tennessee",IFBB Pro,Women's Bikini,Natural and Masters,Whitney Wiser,https://wiserfit.mykajabi.com/npc-natural-titans
118,May 31,,https://www.ifbbpro.com/competition/2025-battle-of-the-titans-natural-pro/,"Nashville, Tennessee",IFBB Pro,Women's Wellness,Natural and Masters,Whitney Wiser,https://wiserfit.mykajabi.com/npc-natural-titans
119,June 7,,https://www.ifbbpro.com/competition/2025-southern-california-championships/,"San Diego, California",IFBB Pro,Women's Wellness,Open,Tamer El Guindy (USA),https://musclecontest.com/
120,June 7,,https://www.ifbbpro.com/competition/2025-oklahoma-classic-pro-am/,"Tulsa, OK, United States",IFBB Pro,Men's Classic Physique,Open and Masters,Eileen Calabrese,https://npcoklahoma.com/
121,June 7,,https://www.ifbbpro.com/competition/2025-adela-garcia-classic-pro-am/,"Austin, TX, United States",IFBB Pro,Women's Fitness,Open and Masters,Adela Garcia,https://npcadelagarcia.com/
122,June 7,,https://www.ifbbpro.com/competition/2025-dc-pro-am/,"Manassas, VA, United States",IFBB Pro,Men's Physique,Open,Gary Udit,https://www.garyudit.com/
123,June 7,,https://www.ifbbpro.com/competition/2025-dc-pro-am/,"Manassas, VA, United States",IFBB Pro,Women's Bikini,Open,Gary Udit,https://www.garyudit.com/
124,June 7,,https://www.ifbbpro.com/competition/2025-mile-high-pro/,"Denver, CO, United States",IFBB Pro,Men's Physique,Open and Masters,Jeff Taylor,https://musclequest.com/
125,June 7,,https://www.ifbbpro.com/competition/2025-mile-high-pro/,"Denver, CO, United States",IFBB Pro,Women's Bikini,Open and Masters,Jeff Taylor,https://musclequest.com/
126,June 7,,https://www.ifbbpro.com/competition/2025-omaha-pro/,"Omaha, NE, United States",IFBB Pro,Women's Physique,Open,Jack Titone,http://www.npcmidwest.com
127,June 8,,https://www.ifbbpro.com/competition/2025-toronto-pro-supershow/,"Toronto, OntarioCanada",IFBB Pro,Men's 212 Bodybuilding,Open and Masters,Ron Hache,
128,June 8,,https://www.ifbbpro.com/competition/2025-toronto-pro-supershow/,"Toronto, OntarioCanada",IFBB Pro,Men's Bodybuilding,Open and Masters,Ron Hache,
129,June 8,,https://www.ifbbpro.com/competition/2025-toronto-pro-supershow/,"Toronto, OntarioCanada",IFBB Pro,Men's Classic Physique,Open and Masters,Ron Hache,
130,June 8,,https://www.ifbbpro.com/competition/2025-toronto-pro-supershow/,"Toronto, OntarioCanada",IFBB Pro,Men's Physique,Open and Masters,Ron Hache,
131,June 8,,https://www.ifbbpro.com/competition/2025-toronto-pro-supershow/,"Toronto, OntarioCanada",IFBB Pro,Men's Wheelchair,Open and Masters,Ron Hache,
132,June 8,,https://www.ifbbpro.com/competition/2025-toronto-pro-supershow/,"Toronto, OntarioCanada",IFBB Pro,Women's Bikini,Open and Masters,Ron Hache,
133,June 8,,https://www.ifbbpro.com/competition/2025-toronto-pro-supershow/,"Toronto, OntarioCanada",IFBB Pro,Women's Bodybuilding,Open and Masters,Ron Hache,
134,June 8,,https://www.ifbbpro.com/competition/2025-toronto-pro-supershow/,"Toronto, OntarioCanada",IFBB Pro,Women's Figure,Open and Masters,Ron Hache,
135,June 8,,https://www.ifbbpro.com/competition/2025-toronto-pro-supershow/,"Toronto, OntarioCanada",IFBB Pro,Women's Physique,Open and Masters,Ron Hache,
136,June 8,,https://www.ifbbpro.com/competition/2025-toronto-pro-supershow/,"Toronto, OntarioCanada",IFBB Pro,Women's Wellness,Open and Masters,Ron Hache,
137,June 8,,https://www.ifbbpro.com/competition/2025-dc-natural-pro/,"Manassas, VA, United States",IFBB Pro,Men's Physique,Natural,Gary Udit,https://www.garyudit.com/
138,June 8,,https://www.ifbbpro.com/competition/2025-dc-natural-pro/,"Manassas, VA, United States",IFBB Pro,Women's Bikini,Natural,Gary Udit,https://www.garyudit.com/
139,June 8,,https://www.ifbbpro.com/competition/2025-spanish-master-pro/,"Madrid, Spain",IFBB Pro,Women's Bikini,Masters,Gabriel Opare,https://npcworldwidespain.es/
140,June 8,,https://www.ifbbpro.com/competition/2025-spanish-master-pro/,"Madrid, Spain",IFBB Pro,Women's Figure,Masters,Gabriel Opare,https://npcworldwidespain.es/
141,June 8,,https://www.ifbbpro.com/competition/2025-spanish-master-pro/,"Madrid, Spain",IFBB Pro,Women's Physique,Masters,Gabriel Opare,https://npcworldwidespain.es/
142,June 8,,https://www.ifbbpro.com/competition/2025-spanish-master-pro/,"Madrid, Spain",IFBB Pro,Women's Wellness,Masters,Gabriel Opare,https://npcworldwidespain.es/
143,June 14,,https://www.ifbbpro.com/competition/2025-nevada-state-championships/,"Las Vegas, NV, United States",IFBB Pro,Women's Bikini,Open,Tamer El Guindy (USA),https://musclecontest.com/
144,June 14,,https://www.ifbbpro.com/competition/2025-clash-of-the-titanz-natural-pro/,"Douglasville, GA, United States",IFBB Pro,Men's Classic Physique,Natural,Daniel Stuckart,https://www.npctitanzclashproam.com/
145,June 14,,https://www.ifbbpro.com/competition/2025-clash-of-the-titanz-natural-pro/,"Douglasville, GA, United States",IFBB Pro,Women's Figure,Natural,Daniel Stuckart,https://www.npctitanzclashproam.com/
146,June 15,,https://www.ifbbpro.com/competition/2025-dms-china-pro-2/,"Ningjin, China",IFBB Pro,Men's Classic Physique,Open,DMS China,https://www.dms-sports.com/en/
147,June 15,,https://www.ifbbpro.com/competition/2025-dms-china-pro-2/,"Ningjin, China",IFBB Pro,Men's Physique,Open,DMS China,https://www.dms-sports.com/en/
148,June 15,,https://www.ifbbpro.com/competition/2025-empro-classic-spain-pro/,"Alicante, Spain",IFBB Pro,Men's Classic Physique,Open,Emilio Martinez (Empro),https://emproclassic.com/
149,June 15,,https://www.ifbbpro.com/competition/2025-empro-classic-spain-pro/,"Alicante, Spain",IFBB Pro,Men's Physique,Open,Emilio Martinez (Empro),https://emproclassic.com/
150,June 15,,https://www.ifbbpro.com/competition/2025-empro-classic-spain-pro/,"Alicante, Spain",IFBB Pro,Men's Wheelchair,Open,Emilio Martinez (Empro),https://emproclassic.com/
151,June 15,,https://www.ifbbpro.com/competition/2025-empro-classic-spain-pro/,"Alicante, Spain",IFBB Pro,Women's Bikini,Open,Emilio Martinez (Empro),https://emproclassic.com/
152,June 15,,https://www.ifbbpro.com/competition/2025-empro-classic-spain-pro/,"Alicante, Spain",IFBB Pro,Women's Bodybuilding,Open,Emilio Martinez (Empro),https://emproclassic.com/
153,June 15,,https://www.ifbbpro.com/competition/2025-empro-classic-spain-pro/,"Alicante, Spain",IFBB Pro,Women's Figure,Open,Emilio Martinez (Empro),https://emproclassic.com/
154,June 15,,https://www.ifbbpro.com/competition/2025-empro-classic-spain-pro/,"Alicante, Spain",IFBB Pro,Women's Physique,Open,Emilio Martinez (Empro),https://emproclassic.com/
155,June 15,,https://www.ifbbpro.com/competition/2025-empro-classic-spain-pro/,"Alicante, Spain",IFBB Pro,Women's Wellness,Open,Emilio Martinez (Empro),https://emproclassic.com/
156,June 20,,https://www.ifbbpro.com/competition/20205-world-classic/,"Chattanooga, Tennessee",IFBB Pro,Men's Physique,Open,Sandy Williamson | Robin Chang | Doug Green,https://npcjrnats.com/
157,June 20,June 22,https://www.ifbbpro.com/competition/2025-dubai-pro/,"Dubai, , United Arab Emirates",IFBB Pro,Men's 212 Bodybuilding,Open,Mo Barakat & Adel Al Ali,
158,June 20,June 22,https://www.ifbbpro.com/competition/2025-dubai-pro/,"Dubai, , United Arab Emirates",IFBB Pro,Men's Bodybuilding,Open,Mo Barakat & Adel Al Ali,
159,June 20,June 22,https://www.ifbbpro.com/competition/2025-dubai-pro/,"Dubai, , United Arab Emirates",IFBB Pro,Men's Classic Physique,Open,Mo Barakat & Adel Al Ali,
160,June 20,June 22,https://www.ifbbpro.com/competition/2025-dubai-pro/,"Dubai, , United Arab Emirates",IFBB Pro,Men's Physique,Open,Mo Barakat & Adel Al Ali,
161,June 21,,https://www.ifbbpro.com/competition/2025-world-classic-2/,"Chattanooga, Tennessee",IFBB Pro,Women's Bikini,Open,Sandy Williamson | Robin Chang | Doug Green,https://npcjrnats.com/
162,June 21,,https://www.ifbbpro.com/competition/2025-tanji-johnson-classic/,"Tacoma, WA, United States",IFBB Pro,Women's Wellness,Open and Masters,Tanji Johnson,https://tjclassic.com/
163,June 21,,https://www.ifbbpro.com/competition/2025-south-florida-pro/,"Boca Raton, FL, United States",IFBB Pro,Men's 212 Bodybuilding,Open and Masters,John Hnatyschak,https://chzldclassic.com/
164,June 21,,https://www.ifbbpro.com/competition/2025-body-be-1-classic-pro-am/,"Montgomery, AL, United States",IFBB Pro,Men's Classic Physique,Open and Masters,Roland Huff (BodyBe1),https://www.bodybe1classic.com/
165,June 21,,https://www.ifbbpro.com/competition/2025-body-be-1-classic-pro-am/,"Montgomery, AL, United States",IFBB Pro,Men's Physique,Open and Masters,Roland Huff (BodyBe1),https://www.bodybe1classic.com/
166,June 21,,https://www.ifbbpro.com/competition/2025-body-be-1-classic-pro-am/,"Montgomery, AL, United States",IFBB Pro,Women's Figure,Open and Masters,Roland Huff (BodyBe1),https://www.bodybe1classic.com/
167,June 21,,https://www.ifbbpro.com/competition/2025-body-be-1-classic-pro-am/,"Montgomery, AL, United States",IFBB Pro,Women's Fitness,Open and Masters,Roland Huff (BodyBe1),https://www.bodybe1classic.com/
168,June 21,,https://www.ifbbpro.com/competition/2025-world-of-monsterzym-korea-pro-3/,"Seoul, Korea,  Republic of",IFBB Pro,Men's Physique,Open,Sungyeob Steve Kim,https://event.monsterzym.com/
169,June 22,,https://www.ifbbpro.com/competition/2025-huanji-china-pro-2/,"Beijing, China",IFBB Pro,Men's Bodybuilding,Open,George Zhang,https://www.instagram.com/ifbb_huanji_china_pro/
170,June 22,,https://www.ifbbpro.com/competition/2025-huanji-china-pro-2/,"Beijing, China",IFBB Pro,Men's Classic Physique,Open,George Zhang,https://www.instagram.com/ifbb_huanji_china_pro/
171,June 22,,https://www.ifbbpro.com/competition/2025-huanji-china-pro-2/,"Beijing, China",IFBB Pro,Men's Physique,Open,George Zhang,https://www.instagram.com/ifbb_huanji_china_pro/
172,June 22,,https://www.ifbbpro.com/competition/2025-huanji-china-pro-2/,"Beijing, China",IFBB Pro,Women's Figure,Open,George Zhang,https://www.instagram.com/ifbb_huanji_china_pro/
173,June 28,,https://www.ifbbpro.com/competition/2025-st-pete-pro/,"St. Petersburg, Florida",IFBB Pro,Men's Physique,Open and Masters,David Herskovitz,https://www.herskiepro.com/
174,June 28,,https://www.ifbbpro.com/competition/2025-indy-supershow/,"Carmel, IN, United States",IFBB Pro,Men's Classic Physique,Open and Masters,Gary Udit,https://www.garyudit.com/
175,June 28,,https://www.ifbbpro.com/competition/2025-indy-supershow/,"Carmel, IN, United States",IFBB Pro,Women's Bikini,Open and Masters,Gary Udit,https://www.garyudit.com/
176,June 28,,https://www.ifbbpro.com/competition/2025-oregon-natural-pro/,"Salem, OR, United States",IFBB Pro,Men's Classic Physique,Natural,Dominic Current,https://www.npcoregonchampionships.com/
177,June 28,,https://www.ifbbpro.com/competition/2025-oregon-natural-pro/,"Salem, OR, United States",IFBB Pro,Women's Figure,Natural,Dominic Current,https://www.npcoregonchampionships.com/
178,June 29,,https://www.ifbbpro.com/competition/2025-flex-weekend-italy-pro/,"Milan, Italy",IFBB Pro,Men's Bodybuilding,Open and Masters,Barbara Bagnuolo,https://ifbbproitaly.info/
179,June 29,,https://www.ifbbpro.com/competition/2025-flex-weekend-italy-pro/,"Milan, Italy",IFBB Pro,Men's Classic Physique,Open and Masters,Barbara Bagnuolo,https://ifbbproitaly.info/
180,June 29,,https://www.ifbbpro.com/competition/2025-flex-weekend-italy-pro/,"Milan, Italy",IFBB Pro,Men's Physique,Open and Masters,Barbara Bagnuolo,https://ifbbproitaly.info/
181,July 6,,https://www.ifbbpro.com/competition/2025-mr-big-evolution-portugal-pro/,"Estoril, Portugal",IFBB Pro,Men's 212 Bodybuilding,Open,Mr. Big Evolution,https://www.ifbbpro-portugal.pt/
182,July 6,,https://www.ifbbpro.com/competition/2025-mr-big-evolution-portugal-pro/,"Estoril, Portugal",IFBB Pro,Men's Bodybuilding,Open,Mr. Big Evolution,https://www.ifbbpro-portugal.pt/
183,July 6,,https://www.ifbbpro.com/competition/2025-mr-big-evolution-portugal-pro/,"Estoril, Portugal",IFBB Pro,Men's Classic Physique,Open,Mr. Big Evolution,https://www.ifbbpro-portugal.pt/
184,July 6,,https://www.ifbbpro.com/competition/2025-mr-big-evolution-portugal-pro/,"Estoril, Portugal",IFBB Pro,Men's Physique,Open,Mr. Big Evolution,https://www.ifbbpro-portugal.pt/
185,July 6,,https://www.ifbbpro.com/competition/2025-mr-big-evolution-portugal-pro/,"Estoril, Portugal",IFBB Pro,Women's Bikini,Open,Mr. Big Evolution,https://www.ifbbpro-portugal.pt/
186,July 6,,https://www.ifbbpro.com/competition/2025-mr-big-evolution-portugal-pro/,"Estoril, Portugal",IFBB Pro,Women's Bodybuilding,Open,Mr. Big Evolution,https://www.ifbbpro-portugal.pt/
187,July 6,,https://www.ifbbpro.com/competition/2025-mr-big-evolution-portugal-pro/,"Estoril, Portugal",IFBB Pro,Women's Figure,Open,Mr. Big Evolution,https://www.ifbbpro-portugal.pt/
188,July 6,,https://www.ifbbpro.com/competition/2025-mr-big-evolution-portugal-pro/,"Estoril, Portugal",IFBB Pro,Women's Physique,Open,Mr. Big Evolution,https://www.ifbbpro-portugal.pt/
189,July 6,,https://www.ifbbpro.com/competition/2025-mr-big-evolution-portugal-pro/,"Estoril, Portugal",IFBB Pro,Women's Wellness,Open,Mr. Big Evolution,https://www.ifbbpro-portugal.pt/
190,July 12,,https://www.ifbbpro.com/competition/2025-republic-of-texas-pro/,"Austin, TX, United States",IFBB Pro,Men's Physique,Open and Masters,Helio Chapuseaux & Bernadette Galvan,https://galvanizedproductions.com/
191,July 12,,https://www.ifbbpro.com/competition/2025-republic-of-texas-pro/,"Austin, TX, United States",IFBB Pro,Women's Bikini,Open and Masters,Helio Chapuseaux & Bernadette Galvan,https://galvanizedproductions.com/
192,July 12,,https://www.ifbbpro.com/competition/2025-republic-of-texas-pro/,"Austin, TX, United States",IFBB Pro,Women's Wellness,Open and Masters,Helio Chapuseaux & Bernadette Galvan,https://galvanizedproductions.com/
193,August 3,,https://www.ifbbpro.com/competition/2025-natural-canada-pro-show/,"Toronto, OntarioCanada",IFBB Pro,Men's Bodybuilding,Natural,Rudy Jambrosic,http://rudyproductions.ca/
194,August 3,,https://www.ifbbpro.com/competition/2025-natural-canada-pro-show/,"Toronto, OntarioCanada",IFBB Pro,Men's Classic Physique,Natural,Rudy Jambrosic,http://rudyproductions.ca/
195,August 3,,https://www.ifbbpro.com/competition/2025-natural-canada-pro-show/,"Toronto, OntarioCanada",IFBB Pro,Men's Physique,Natural,Rudy Jambrosic,http://rudyproductions.ca/
196,August 3,,https://www.ifbbpro.com/competition/2025-natural-canada-pro-show/,"Toronto, OntarioCanada",IFBB Pro,Women's Bikini,Natural,Rudy Jambrosic,http://rudyproductions.ca/
197,August 3,,https://www.ifbbpro.com/competition/2025-natural-canada-pro-show/,"Toronto, OntarioCanada",IFBB Pro,Women's Figure,Natural,Rudy Jambrosic,http://rudyproductions.ca/
198,August 3,,https://www.ifbbpro.com/competition/2025-natural-canada-pro-show/,"Toronto, OntarioCanada",IFBB Pro,Women's Fitness,Natural,Rudy Jambrosic,http://rudyproductions.ca/
199,August 3,,https://www.ifbbpro.com/competition/2025-natural-canada-pro-show/,"Toronto, OntarioCanada",IFBB Pro,Women's Physique,Natural,Rudy Jambrosic,http://rudyproductions.ca/
200,August 3,,https://www.ifbbpro.com/competition/2025-natural-canada-pro-show/,"Toronto, OntarioCanada",IFBB Pro,Women's Wellness,Natural,Rudy Jambrosic,http://rudyproductions.ca/
201,August 9,,https://www.ifbbpro.com/competition/2025-pennsylvania-muscle-pro/,"Lancaster, PA, United States",IFBB Pro,Men's Classic Physique,Open,Gary Udit,https://www.garyudit.com/
202,August 9,,https://www.ifbbpro.com/competition/2025-midwest-naturals-pro/,"St. Charles, MO, United States",IFBB Pro,Men's Bodybuilding,Natural,Jack Titone,http://www.npcmidwest.com
203,August 9,,https://www.ifbbpro.com/competition/2025-midwest-naturals-pro/,"St. Charles, MO, United States",IFBB Pro,Men's Physique,Natural,Jack Titone,http://www.npcmidwest.com
204,August 9,,https://www.ifbbpro.com/competition/2025-midwest-naturals-pro/,"St. Charles, MO, United States",IFBB Pro,Women's Bikini,Natural,Jack Titone,http://www.npcmidwest.com
205,August 9,,https://www.ifbbpro.com/competition/2025-midwest-naturals-pro/,"St. Charles, MO, United States",IFBB Pro,Women's Wellness,Natural,Jack Titone,http://www.npcmidwest.com
206,August 9,,https://www.ifbbpro.com/competition/2025-tahoe-show/,"Stateline, Nevada",IFBB Pro,Women's Bikini,Open,Chris Minnes,https://centerpodium.com/
207,August 9,August 10,https://www.ifbbpro.com/competition/2025-masters-olympia-japan/,"Tokyo, Japan",IFBB Pro,Men's 212 Bodybuilding,Masters,Takayuki Shoji (PRO),https://www.ifbbpro-japan.com/
208,August 9,August 10,https://www.ifbbpro.com/competition/2025-masters-olympia-japan/,"Tokyo, Japan",IFBB Pro,Men's Bodybuilding,Masters,Takayuki Shoji (PRO),https://www.ifbbpro-japan.com/
209,August 9,August 10,https://www.ifbbpro.com/competition/2025-masters-olympia-japan/,"Tokyo, Japan",IFBB Pro,Men's Classic Physique,Masters,Takayuki Shoji (PRO),https://www.ifbbpro-japan.com/
210,August 9,August 10,https://www.ifbbpro.com/competition/2025-masters-olympia-japan/,"Tokyo, Japan",IFBB Pro,Men's Physique,Masters,Takayuki Shoji (PRO),https://www.ifbbpro-japan.com/
211,August 9,August 10,https://www.ifbbpro.com/competition/2025-masters-olympia-japan/,"Tokyo, Japan",IFBB Pro,Women's Bikini,Masters,Takayuki Shoji (PRO),https://www.ifbbpro-japan.com/
212,August 9,August 10,https://www.ifbbpro.com/competition/2025-masters-olympia-japan/,"Tokyo, Japan",IFBB Pro,Women's Bodybuilding,Masters,Takayuki Shoji (PRO),https://www.ifbbpro-japan.com/
213,August 9,August 10,https://www.ifbbpro.com/competition/2025-masters-olympia-japan/,"Tokyo, Japan",IFBB Pro,Women's Figure,Masters,Takayuki Shoji (PRO),https://www.ifbbpro-japan.com/
214,August 9,August 10,https://www.ifbbpro.com/competition/2025-masters-olympia-japan/,"Tokyo, Japan",IFBB Pro,Women's Fitness,Masters,Takayuki Shoji (PRO),https://www.ifbbpro-japan.com/
215,August 9,August 10,https://www.ifbbpro.com/competition/2025-masters-olympia-japan/,"Tokyo, Japan",IFBB Pro,Women's Physique,Masters,Takayuki Shoji (PRO),https://www.ifbbpro-japan.com/
216,August 9,August 10,https://www.ifbbpro.com/competition/2025-masters-olympia-japan/,"Tokyo, Japan",IFBB Pro,Women's Wellness,Masters,Takayuki Shoji (PRO),https://www.ifbbpro-japan.com/
217,August 11,,https://www.ifbbpro.com/competition/2025-tokyo-pro-supershow/,"Tokyo, Japan",IFBB Pro,Men's Classic Physique,Open,Takayuki Shoji (PRO),https://www.ifbbpro-japan.com/
218,August 11,,https://www.ifbbpro.com/competition/2025-tokyo-pro-supershow/,"Tokyo, Japan",IFBB Pro,Men's Physique,Open,Takayuki Shoji (PRO),https://www.ifbbpro-japan.com/
219,August 11,,https://www.ifbbpro.com/competition/2025-tokyo-pro-supershow/,"Tokyo, Japan",IFBB Pro,Women's Bikini,Open,Takayuki Shoji (PRO),https://www.ifbbpro-japan.com/
220,August 16,,https://www.ifbbpro.com/competition/2025-maxfit-classic-masters-pro/,"Fort Walton Beach, Florida",IFBB Pro,Men's Bodybuilding,Masters,Russ Mesey & Clay Parker,https://eliteathleticspromotions.com/
221,August 16,,https://www.ifbbpro.com/competition/2025-maxfit-classic-masters-pro/,"Fort Walton Beach, Florida",IFBB Pro,Men's Classic Physique,Masters,Russ Mesey & Clay Parker,https://eliteathleticspromotions.com/
222,August 16,,https://www.ifbbpro.com/competition/2025-maxfit-classic-masters-pro/,"Fort Walton Beach, Florida",IFBB Pro,Men's Physique,Masters,Russ Mesey & Clay Parker,https://eliteathleticspromotions.com/
223,August 16,,https://www.ifbbpro.com/competition/2025-maxfit-classic-masters-pro/,"Fort Walton Beach, Florida",IFBB Pro,Women's Bikini,Masters,Russ Mesey & Clay Parker,https://eliteathleticspromotions.com/
224,August 16,,https://www.ifbbpro.com/competition/2025-maxfit-classic-masters-pro/,"Fort Walton Beach, Florida",IFBB Pro,Women's Figure,Masters,Russ Mesey & Clay Parker,https://eliteathleticspromotions.com/
225,August 16,,https://www.ifbbpro.com/competition/2025-maxfit-classic-masters-pro/,"Fort Walton Beach, Florida",IFBB Pro,Women's Physique,Masters,Russ Mesey & Clay Parker,https://eliteathleticspromotions.com/
226,August 16,,https://www.ifbbpro.com/competition/2025-maxfit-classic-masters-pro/,"Fort Walton Beach, Florida",IFBB Pro,Women's Wellness,Masters,Russ Mesey & Clay Parker,https://eliteathleticspromotions.com/
227,August 23,,https://www.ifbbpro.com/competition/2025-maryland-night-of-champions-pro/,"Baltimore, Maryland",IFBB Pro,Men's Classic Physique,Masters,Gary Udit,https://www.garyudit.com/
228,August 23,,https://www.ifbbpro.com/competition/2025-maryland-night-of-champions-pro/,"Baltimore, Maryland",IFBB Pro,Men's Physique,Masters,Gary Udit,https://www.garyudit.com/
229,August 23,,https://www.ifbbpro.com/competition/2025-maryland-night-of-champions-pro/,"Baltimore, Maryland",IFBB Pro,Women's Bikini,Masters,Gary Udit,https://www.garyudit.com/
230,August 23,,https://www.ifbbpro.com/competition/2025-maryland-night-of-champions-pro/,"Baltimore, Maryland",IFBB Pro,Women's Figure,Masters,Gary Udit,https://www.garyudit.com/
231,August 24,,https://www.ifbbpro.com/competition/2025-austrian-oak-pro/,"St. Polten, Austria",IFBB Pro,Men's Classic Physique,Open,Harald Schober,https://www.npcaustria.at/
232,August 24,,https://www.ifbbpro.com/competition/2025-austrian-oak-pro/,"St. Polten, Austria",IFBB Pro,Women's Wellness,Open,Harald Schober,https://www.npcaustria.at/
233,August 31,,https://www.ifbbpro.com/competition/2025-pro-masters-world-championships/,"Pittsburgh, Pennsylvania",IFBB Pro,Men's 212 Bodybuilding,Masters,Gary Udit,https://www.garyudit.com/
234,August 31,,https://www.ifbbpro.com/competition/2025-pro-masters-world-championships/,"Pittsburgh, Pennsylvania",IFBB Pro,Men's Bodybuilding,Masters,Gary Udit,https://www.garyudit.com/
235,August 31,,https://www.ifbbpro.com/competition/2025-pro-masters-world-championships/,"Pittsburgh, Pennsylvania",IFBB Pro,Men's Classic Physique,Masters,Gary Udit,https://www.garyudit.com/
236,August 31,,https://www.ifbbpro.com/competition/2025-pro-masters-world-championships/,"Pittsburgh, Pennsylvania",IFBB Pro,Men's Physique,Masters,Gary Udit,https://www.garyudit.com/
237,August 31,,https://www.ifbbpro.com/competition/2025-pro-masters-world-championships/,"Pittsburgh, Pennsylvania",IFBB Pro,Women's Bikini,Masters,Gary Udit,https://www.garyudit.com/
238,August 31,,https://www.ifbbpro.com/competition/2025-pro-masters-world-championships/,"Pittsburgh, Pennsylvania",IFBB Pro,Women's Bodybuilding,Masters,Gary Udit,https://www.garyudit.com/
239,August 31,,https://www.ifbbpro.com/competition/2025-pro-masters-world-championships/,"Pittsburgh, Pennsylvania",IFBB Pro,Women's Figure,Masters,Gary Udit,https://www.garyudit.com/
240,August 31,,https://www.ifbbpro.com/competition/2025-pro-masters-world-championships/,"Pittsburgh, Pennsylvania",IFBB Pro,Women's Fitness,Masters,Gary Udit,https://www.garyudit.com/
241,August 31,,https://www.ifbbpro.com/competition/2025-pro-masters-world-championships/,"Pittsburgh, Pennsylvania",IFBB Pro,Women's Physique,Masters,Gary Udit,https://www.garyudit.com/
242,August 31,,https://www.ifbbpro.com/competition/2025-pro-masters-world-championships/,"Pittsburgh, Pennsylvania",IFBB Pro,Women's Wellness,Masters,Gary Udit,https://www.garyudit.com/
243,August 31,,https://www.ifbbpro.com/competition/2025-dms-china-pro-4/,"Tianjin, China",IFBB Pro,Men's Physique,Open,DMS China,https://www.dms-sports.com/en/
244,August 31,,https://www.ifbbpro.com/competition/2025-dms-china-pro-4/,"Tianjin, China",IFBB Pro,Women's Bikini,Open,DMS China,https://www.dms-sports.com/en/
245,September 5,September 6,https://www.ifbbpro.com/competition/2025-florida-pro/,"Sarasota, FL, United States",IFBB Pro,Men's Classic Physique,Open and Masters,Stacy Taylor,https://ifbbproleaguefloridapro.com/
246,September 5,September 6,https://www.ifbbpro.com/competition/2025-florida-pro/,"Sarasota, FL, United States",IFBB Pro,Men's Physique,Open and Masters,Stacy Taylor,https://ifbbproleaguefloridapro.com/
247,September 5,September 6,https://www.ifbbpro.com/competition/2025-florida-pro/,"Sarasota, FL, United States",IFBB Pro,Women's Bikini,Open and Masters,Stacy Taylor,https://ifbbproleaguefloridapro.com/
248,September 5,September 6,https://www.ifbbpro.com/competition/2025-florida-pro/,"Sarasota, FL, United States",IFBB Pro,Women's Figure,Open and Masters,Stacy Taylor,https://ifbbproleaguefloridapro.com/
249,September 7,,https://www.ifbbpro.com/competition/2025-promuscle-italy-pro/,,IFBB Pro,Men's Bodybuilding,Open,Barbara Bagnuolo,https://ifbbproitaly.info/
250,September 7,,https://www.ifbbpro.com/competition/2025-promuscle-italy-pro/,,IFBB Pro,Women's Bikini,Open,Barbara Bagnuolo,https://ifbbproitaly.info/
251,September 7,,https://www.ifbbpro.com/competition/2025-promuscle-italy-pro/,,IFBB Pro,Women's Wellness,Open,Barbara Bagnuolo,https://ifbbproitaly.info/
252,September 13,,https://www.ifbbpro.com/competition/2025-janet-layugs-battle-of-the-bodies-pro/,"Fort Lauderdale, Florida",IFBB Pro,Women's Bikini,,Janet Layug,https://www.janetsbattleofthebodies.com/
253,September 13,,https://www.ifbbpro.com/competition/2025-oklahoma-showdown-of-champions-pro/,"Tulsa, OK, United States",IFBB Pro,Women's Fitness,Open and Masters,Eileen Calabrese,https://npcoklahoma.com/
254,September 20,,https://www.ifbbpro.com/competition/2025-muscletown-natural-pro/,"York, PA, United States",IFBB Pro,Men's Bodybuilding,Natural,Gary Udit,https://www.garyudit.com/
255,September 20,,https://www.ifbbpro.com/competition/2025-muscletown-natural-pro/,"York, PA, United States",IFBB Pro,Women's Figure,Natural,Gary Udit,https://www.garyudit.com/
256,September 20,,https://www.ifbbpro.com/competition/2025-sasquatch-pro/,"Federal Way, Washington",IFBB Pro,Men's Physique,Open and Masters,Michele Mayberry & Christopher Algeo,https://sasquatchproam.com/
257,September 20,,https://www.ifbbpro.com/competition/2025-sasquatch-pro/,"Federal Way, Washington",IFBB Pro,Women's Bikini,Open and Masters,Michele Mayberry & Christopher Algeo,https://sasquatchproam.com/
258,September 20,,https://www.ifbbpro.com/competition/2025-sasquatch-pro/,"Federal Way, Washington",IFBB Pro,Women's Figure,Open and Masters,Michele Mayberry & Christopher Algeo,https://sasquatchproam.com/
259,September 21,,https://www.ifbbpro.com/competition/2025-huanji-china-pro-3/,"Xi'an, China",IFBB Pro,Men's 212 Bodybuilding,Open,George Zhang,https://www.instagram.com/ifbb_huanji_china_pro/
260,September 21,,https://www.ifbbpro.com/competition/2025-huanji-china-pro-3/,"Xi'an, China",IFBB Pro,Men's Classic Physique,Open,George Zhang,https://www.instagram.com/ifbb_huanji_china_pro/
261,September 21,,https://www.ifbbpro.com/competition/2025-huanji-china-pro-3/,"Xi'an, China",IFBB Pro,Men's Physique,Open,George Zhang,https://www.instagram.com/ifbb_huanji_china_pro/
262,September 21,,https://www.ifbbpro.com/competition/2025-huanji-china-pro-3/,"Xi'an, China",IFBB Pro,Women's Bikini,Open,George Zhang,https://www.instagram.com/ifbb_huanji_china_pro/
263,September 27,,https://www.ifbbpro.com/competition/2025-daytona-pro-am-championships/,"Daytona Beach, Florida",IFBB Pro,Men's Physique,Open and Masters,Michael Matassa,http://www.npcdbc.com/
264,September 27,,https://www.ifbbpro.com/competition/2025-daytona-pro-am-championships/,"Daytona Beach, Florida",IFBB Pro,Women's Bikini,Open and Masters,Michael Matassa,http://www.npcdbc.com/
265,September 27,,https://www.ifbbpro.com/competition/2025-tsunami-nutrition-showdown-france-pro/,"Lille, France",IFBB Pro,Men's Bodybuilding,Open,APDF France,https://www.apdffrance.com/
266,September 27,,https://www.ifbbpro.com/competition/2025-tsunami-nutrition-showdown-france-pro/,"Lille, France",IFBB Pro,Men's Classic Physique,Open,APDF France,https://www.apdffrance.com/
267,September 27,,https://www.ifbbpro.com/competition/2025-tsunami-nutrition-showdown-france-pro/,"Lille, France",IFBB Pro,Women's Bikini,Open,APDF France,https://www.apdffrance.com/
268,October 4,,https://www.ifbbpro.com/competition/2025-southern-muscle-showdown-pro/,"Dalton, GA, United States",IFBB Pro,Men's Classic Physique,Open and Masters,Steve Payne,https://southernmuscleshowdown.com/
269,October 4,,https://www.ifbbpro.com/competition/2025-southern-muscle-showdown-pro/,"Dalton, GA, United States",IFBB Pro,Women's Bikini,Open and Masters,Steve Payne,https://southernmuscleshowdown.com/
270,October 5,,https://www.ifbbpro.com/competition/2025-koloseum-italy-pro/,"Milan, Italy",IFBB Pro,Men's Classic Physique,Open,Barbara Bagnuolo,https://ifbbproitaly.info/
271,October 5,,https://www.ifbbpro.com/competition/2025-koloseum-italy-pro/,"Milan, Italy",IFBB Pro,Men's Physique,Open,Barbara Bagnuolo,https://ifbbproitaly.info/
272,October 5,,https://www.ifbbpro.com/competition/2025-koloseum-italy-pro/,"Milan, Italy",IFBB Pro,Women's Bikini,Open,Barbara Bagnuolo,https://ifbbproitaly.info/
273,October 11,,https://www.ifbbpro.com/competition/2025-agp-natural-pro-show-2/,"Gyeonggi State, Korea,  Republic of",IFBB Pro,Men's Bodybuilding,Natural,Alex Hong,https://ifbbprokorea.com/
274,October 11,,https://www.ifbbpro.com/competition/2025-agp-natural-pro-show-2/,"Gyeonggi State, Korea,  Republic of",IFBB Pro,Men's Classic Physique,Natural,Alex Hong,https://ifbbprokorea.com/
275,October 11,,https://www.ifbbpro.com/competition/2025-agp-natural-pro-show-2/,"Gyeonggi State, Korea,  Republic of",IFBB Pro,Men's Physique,Natural,Alex Hong,https://ifbbprokorea.com/
276,October 11,,https://www.ifbbpro.com/competition/2025-agp-natural-pro-show-2/,"Gyeonggi State, Korea,  Republic of",IFBB Pro,Women's Bikini,Natural,Alex Hong,https://ifbbprokorea.com/
277,October 12,,https://www.ifbbpro.com/competition/2025-agp-pro-show-2/,"Gyeonggi State, Korea,  Republic of",IFBB Pro,Men's 212 Bodybuilding,Open,Alex Hong,https://ifbbprokorea.com/
278,October 12,,https://www.ifbbpro.com/competition/2025-agp-pro-show-2/,"Gyeonggi State, Korea,  Republic of",IFBB Pro,Men's Classic Physique,Open,Alex Hong,https://ifbbprokorea.com/
279,October 12,,https://www.ifbbpro.com/competition/2025-agp-pro-show-2/,"Gyeonggi State, Korea,  Republic of",IFBB Pro,Men's Physique,Open,Alex Hong,https://ifbbprokorea.com/
280,October 12,,https://www.ifbbpro.com/competition/2025-agp-pro-show-2/,"Gyeonggi State, Korea,  Republic of",IFBB Pro,Women's Bikini,Open,Alex Hong,https://ifbbprokorea.com/
281,October 12,,https://www.ifbbpro.com/competition/2025-agp-pro-show-2/,"Gyeonggi State, Korea,  Republic of",IFBB Pro,Women's Figure,Open,Alex Hong,https://ifbbprokorea.com/
282,October 12,,https://www.ifbbpro.com/competition/2025-agp-pro-show-2/,"Gyeonggi State, Korea,  Republic of",IFBB Pro,Women's Wellness,Open,Alex Hong,https://ifbbprokorea.com/
283,October 19,,https://www.ifbbpro.com/competition/2025-dms-china-natural-pro/,"Beijing, China",IFBB Pro,Men's Physique,Natural,DMS China,https://www.dms-sports.com/en/
284,October 19,,https://www.ifbbpro.com/competition/2025-dms-china-natural-pro/,"Beijing, China",IFBB Pro,Women's Bikini,Natural,DMS China,https://www.dms-sports.com/en/
285,October 25,,https://www.ifbbpro.com/competition/2025-extrene-natural-muscle-pro/,"New Westminister, British ColumbiaCanada",IFBB Pro,Men's Physique,Natural,Dean & Leigh Brandt,https://www.xtremepromotions.org/
286,October 25,,https://www.ifbbpro.com/competition/2025-extrene-natural-muscle-pro/,"New Westminister, British ColumbiaCanada",IFBB Pro,Women's Bikini,Natural,Dean & Leigh Brandt,https://www.xtremepromotions.org/
287,October 26,,https://www.ifbbpro.com/competition/2025-evls-prague-pro/,"Prague, Czech Republic",IFBB Pro,Men's 212 Bodybuilding,Open,Adam Kindl,https://evls.cz/
288,October 26,,https://www.ifbbpro.com/competition/2025-evls-prague-pro/,"Prague, Czech Republic",IFBB Pro,Men's Bodybuilding,Open,Adam Kindl,https://evls.cz/
289,October 26,,https://www.ifbbpro.com/competition/2025-evls-prague-pro/,"Prague, Czech Republic",IFBB Pro,Men's Classic Physique,Open,Adam Kindl,https://evls.cz/
290,October 26,,https://www.ifbbpro.com/competition/2025-evls-prague-pro/,"Prague, Czech Republic",IFBB Pro,Men's Physique,Open,Adam Kindl,https://evls.cz/
291,October 26,,https://www.ifbbpro.com/competition/2025-evls-prague-pro/,"Prague, Czech Republic",IFBB Pro,Women's Bikini,Open,Adam Kindl,https://evls.cz/
292,October 26,,https://www.ifbbpro.com/competition/2025-evls-prague-pro/,"Prague, Czech Republic",IFBB Pro,Women's Figure,Open,Adam Kindl,https://evls.cz/
293,October 26,,https://www.ifbbpro.com/competition/2025-evls-prague-pro/,"Prague, Czech Republic",IFBB Pro,Women's Wellness,Open,Adam Kindl,https://evls.cz/
294,November 1,,https://www.ifbbpro.com/competition/2025-invictus-pro/,"Almaty, Kazakhstan",IFBB Pro,Men's Classic Physique,Open,Chris Minnes,https://centerpodium.com/
295,November 1,,https://www.ifbbpro.com/competition/2025-invictus-pro/,"Almaty, Kazakhstan",IFBB Pro,Women's Bikini,Open,Chris Minnes,https://centerpodium.com/
296,November 1,,https://www.ifbbpro.com/competition/2025-invictus-pro/,"Almaty, Kazakhstan",IFBB Pro,Women's Wellness,Open,Chris Minnes,https://centerpodium.com/
297,November 1,,https://www.ifbbpro.com/competition/2025-all-south-pro-championships/,"Orlando, Florida",IFBB Pro,Women's Wellness,Open and Masters,Shannon Dey (All South),https://npcallsouth.com/
298,November 1,November 2,https://www.ifbbpro.com/competition/2025-everest-muscle-stars-poland-pro/,"Warsaw, Poland",IFBB Pro,Men's Bodybuilding,Open,Robert Piotrkowicz,https://ifbbpro.com.pl/
299,November 14,November 15,https://www.ifbbpro.com/competition/2025-ben-weider-naturals-pro/,"Alexandria, VA, United States",IFBB Pro,Men's Bodybuilding,Natural,Gary Udit & Ron Hache,https://garyudit.com/new/contest/ifbb-pro-league-npc-worldwide-ben-weider-naturals-pro-am/
300,November 14,November 15,https://www.ifbbpro.com/competition/2025-ben-weider-naturals-pro/,"Alexandria, VA, United States",IFBB Pro,Men's Classic Physique,Natural,Gary Udit & Ron Hache,https://garyudit.com/new/contest/ifbb-pro-league-npc-worldwide-ben-weider-naturals-pro-am/
301,November 14,November 15,https://www.ifbbpro.com/competition/2025-ben-weider-naturals-pro/,"Alexandria, VA, United States",IFBB Pro,Men's Physique,Natural,Gary Udit & Ron Hache,https://garyudit.com/new/contest/ifbb-pro-league-npc-worldwide-ben-weider-naturals-pro-am/
302,November 14,November 15,https://www.ifbbpro.com/competition/2025-ben-weider-naturals-pro/,"Alexandria, VA, United States",IFBB Pro,Women's Bikini,Natural,Gary Udit & Ron Hache,https://garyudit.com/new/contest/ifbb-pro-league-npc-worldwide-ben-weider-naturals-pro-am/
303,November 14,November 15,https://www.ifbbpro.com/competition/2025-ben-weider-naturals-pro/,"Alexandria, VA, United States",IFBB Pro,Women's Figure,Natural,Gary Udit & Ron Hache,https://garyudit.com/new/contest/ifbb-pro-league-npc-worldwide-ben-weider-naturals-pro-am/
304,November 14,November 15,https://www.ifbbpro.com/competition/2025-ben-weider-naturals-pro/,"Alexandria, VA, United States",IFBB Pro,Women's Fitness,Natural,Gary Udit & Ron Hache,https://garyudit.com/new/contest/ifbb-pro-league-npc-worldwide-ben-weider-naturals-pro-am/
305,November 14,November 15,https://www.ifbbpro.com/competition/2025-ben-weider-naturals-pro/,"Alexandria, VA, United States",IFBB Pro,Women's Physique,Natural,Gary Udit & Ron Hache,https://garyudit.com/new/contest/ifbb-pro-league-npc-worldwide-ben-weider-naturals-pro-am/
306,November 14,November 15,https://www.ifbbpro.com/competition/2025-ben-weider-naturals-pro/,"Alexandria, VA, United States",IFBB Pro,Women's Wellness,Natural,Gary Udit & Ron Hache,https://garyudit.com/new/contest/ifbb-pro-league-npc-worldwide-ben-weider-naturals-pro-am/
307,November 15,,https://www.ifbbpro.com/competition/2025-oklahoma-grand-prix-pro/,"Oklahoma City, OK, United States",IFBB Pro,Women's Wellness,Open and Masters,Eileen Calabrese,https://npcoklahoma.com/
308,November 16,,https://www.ifbbpro.com/competition/2025-dms-china-pro-5/,"Changsha, China",IFBB Pro,Men's Classic Physique,Open,DMS China,https://www.dms-sports.com/en/
309,November 16,,https://www.ifbbpro.com/competition/2025-dms-china-pro-5/,"Changsha, China",IFBB Pro,Men's Physique,Open,DMS China,https://www.dms-sports.com/en/
310,November 16,,https://www.ifbbpro.com/competition/2025-dms-china-pro-5/,"Changsha, China",IFBB Pro,Women's Bikini,Open,DMS China,https://www.dms-sports.com/en/
311,November 22,,https://www.ifbbpro.com/competition/2025-eu-nutrition-pro-natural-championships/,"Lisbon, Portugal",IFBB Pro,Men's Bodybuilding,Natural,Mr. Big Evolution,https://www.ifbbpro-portugal.pt/
312,November 22,,https://www.ifbbpro.com/competition/2025-eu-nutrition-pro-natural-championships/,"Lisbon, Portugal",IFBB Pro,Men's Classic Physique,Natural,Mr. Big Evolution,https://www.ifbbpro-portugal.pt/
313,November 22,,https://www.ifbbpro.com/competition/2025-eu-nutrition-pro-natural-championships/,"Lisbon, Portugal",IFBB Pro,Men's Physique,Natural,Mr. Big Evolution,https://www.ifbbpro-portugal.pt/
314,November 22,,https://www.ifbbpro.com/competition/2025-eu-nutrition-pro-natural-championships/,"Lisbon, Portugal",IFBB Pro,Women's Bikini,Natural,Mr. Big Evolution,https://www.ifbbpro-portugal.pt/
315,November 22,,https://www.ifbbpro.com/competition/2025-eu-nutrition-pro-natural-championships/,"Lisbon, Portugal",IFBB Pro,Women's Figure,Natural,Mr. Big Evolution,https://www.ifbbpro-portugal.pt/
316,November 23,,https://www.ifbbpro.com/competition/2025-mr-big-evolution-pro-masters/,"Lisbon, Portugal",IFBB Pro,Men's 212 Bodybuilding,Masters,Mr. Big Evolution,https://www.ifbbpro-portugal.pt/
317,November 23,,https://www.ifbbpro.com/competition/2025-mr-big-evolution-pro-masters/,"Lisbon, Portugal",IFBB Pro,Men's Bodybuilding,Masters,Mr. Big Evolution,https://www.ifbbpro-portugal.pt/
318,November 23,,https://www.ifbbpro.com/competition/2025-mr-big-evolution-pro-masters/,"Lisbon, Portugal",IFBB Pro,Men's Classic Physique,Masters,Mr. Big Evolution,https://www.ifbbpro-portugal.pt/
319,November 23,,https://www.ifbbpro.com/competition/2025-mr-big-evolution-pro-masters/,"Lisbon, Portugal",IFBB Pro,Men's Physique,Masters,Mr. Big Evolution,https://www.ifbbpro-portugal.pt/
320,November 23,,https://www.ifbbpro.com/competition/2025-mr-big-evolution-pro-masters/,"Lisbon, Portugal",IFBB Pro,Women's Bikini,Masters,Mr. Big Evolution,https://www.ifbbpro-portugal.pt/
321,November 23,,https://www.ifbbpro.com/competition/2025-mr-big-evolution-pro-masters/,"Lisbon, Portugal",IFBB Pro,Women's Bodybuilding,Masters,Mr. Big Evolution,https://www.ifbbpro-portugal.pt/
322,November 23,,https://www.ifbbpro.com/competition/2025-mr-big-evolution-pro-masters/,"Lisbon, Portugal",IFBB Pro,Women's Figure,Masters,Mr. Big Evolution,https://www.ifbbpro-portugal.pt/
323,November 23,,https://www.ifbbpro.com/competition/2025-mr-big-evolution-pro-masters/,"Lisbon, Portugal",IFBB Pro,Women's Fitness,Masters,Mr. Big Evolution,https://www.ifbbpro-portugal.pt/
324,November 23,,https://www.ifbbpro.com/competition/2025-mr-big-evolution-pro-masters/,"Lisbon, Portugal",IFBB Pro,Women's Physique,Masters,Mr. Big Evolution,https://www.ifbbpro-portugal.pt/
325,November 23,,https://www.ifbbpro.com/competition/2025-mr-big-evolution-pro-masters/,"Lisbon, Portugal",IFBB Pro,Women's Wellness,Masters,Mr. Big Evolution,https://www.ifbbpro-portugal.pt/
326,November 24,,https://www.ifbbpro.com/competition/2025-japan-pro/,"Tokyo, Japan",IFBB Pro,Men's Bodybuilding,Open,Takayuki Shoji (PRO),https://www.ifbbpro-japan.com/
327,November 24,,https://www.ifbbpro.com/competition/2025-japan-pro/,"Tokyo, Japan",IFBB Pro,Men's Classic Physique,Open,Takayuki Shoji (PRO),https://www.ifbbpro-japan.com/
328,November 24,,https://www.ifbbpro.com/competition/2025-japan-pro/,"Tokyo, Japan",IFBB Pro,Men's Physique,Open,Takayuki Shoji (PRO),https://www.ifbbpro-japan.com/
329,November 24,,https://www.ifbbpro.com/competition/2025-japan-pro/,"Tokyo, Japan",IFBB Pro,Women's Bikini,Open,Takayuki Shoji (PRO),https://www.ifbbpro-japan.com/
330,November 24,,https://www.ifbbpro.com/competition/2025-japan-pro/,"Tokyo, Japan",IFBB Pro,Women's Wellness,Open,Takayuki Shoji (PRO),https://www.ifbbpro-japan.com/
331,December 6,,https://www.ifbbpro.com/competition/2025-southern-natural-pro/,"Lilburn, GA, United States",IFBB Pro,Men's Classic Physique,Natural and Masters,Steve Payne,https://southernmuscleshowdown.com/
332,December 6,,https://www.ifbbpro.com/competition/2025-southern-natural-pro/,"Lilburn, GA, United States",IFBB Pro,Men's Physique,Natural and Masters,Steve Payne,https://southernmuscleshowdown.com/
333,December 6,,https://www.ifbbpro.com/competition/2025-southern-natural-pro/,"Lilburn, GA, United States",IFBB Pro,Women's Bikini,Natural and Masters,Steve Payne,https://southernmuscleshowdown.com/
334,December 6,December 7,https://www.ifbbpro.com/competition/2025-african-pro/,"Johannesburg, South Africa",IFBB Pro,Men's Wheelchair,Open,Champagne Productions,https://champagneproductionsafrica.com/
335,December 14,,https://www.ifbbpro.com/competition/2025-huanji-china-pro-4/,"Beijing, China",IFBB Pro,Men's 212 Bodybuilding,Open,George Zhang,https://www.instagram.com/ifbb_huanji_china_pro/
336,December 14,,https://www.ifbbpro.com/competition/2025-huanji-china-pro-4/,"Beijing, China",IFBB Pro,Men's Physique,Open,George Zhang,https://www.instagram.com/ifbb_huanji_china_pro/
337,December 14,,https://www.ifbbpro.com/competition/2025-huanji-china-pro-4/,"Beijing, China",IFBB Pro,Women's Wellness,Open,George Zhang,https://www.instagram.com/ifbb_huanji_china_pro/
