Competition,Location,Date,Competitor Name,Country,Judging,Finals,Round 2,Round 3,Routine,Total,Place,Competition Type
2009 Iron Man Pro,"Los Angeles, California, USA","January 24, 2009","Rockel, Ronny",Germany,32,17,14,,,63,3,Men's BB
2009 Iron Man Pro,"Los Angeles, California, USA","January 24, 2009","Samuel, Silvio",Spain,10,8,8,,,26,1,Men's BB
2009 Iron Man Pro,"Los Angeles, California, USA","January 24, 2009","Yamagishi, Hidetada",Japan,40,14,17,,,71,4,Men's BB
2009 Iron Man Pro,"Los Angeles, California, USA","January 24, 2009","Abbew, Eddie",United Kingdom,62,34,,,,96,6,Men's BB
2009 Iron Man Pro,"Los Angeles, California, USA","January 24, 2009","Adzievski, Oliver",Sweden,110,63,,,,173,12,Men's BB
2009 Iron Man Pro,"Los Angeles, California, USA","January 24, 2009","Alves, Troy",USA,112,57,,,,169,11,Men's BB
2009 Iron Man Pro,"Los Angeles, California, USA","January 24, 2009","Bannout, Mohammad",Lebanon,62,34,,,,96,7,Men's BB
2009 Iron Man Pro,"Los Angeles, California, USA","January 24, 2009","Benagli, Thomas",Italy,136,65,,,,201,14,Men's BB
2009 Iron Man Pro,"Los Angeles, California, USA","January 24, 2009","Cherry, Adorthus",USA,160,80,,,,240,17,Men's BB
2009 Iron Man Pro,"Los Angeles, California, USA","January 24, 2009","Clarke, Fedel",Canada,160,80,,,,240,17,Men's BB
2009 Iron Man Pro,"Los Angeles, California, USA","January 24, 2009","Deckard, Omar",USA,158,76,,,,234,16,Men's BB
2009 Iron Man Pro,"Los Angeles, California, USA","January 24, 2009","Demetriou, Constantinos",Australia,142,70,,,,212,15,Men's BB
2009 Iron Man Pro,"Los Angeles, California, USA","January 24, 2009","Dugdale, Mark",USA,76,36,,,,112,8,Men's BB
2009 Iron Man Pro,"Los Angeles, California, USA","January 24, 2009","El Moussawi, Moe",New Zealand,22,10,9,,,41,2,Men's BB
2009 Iron Man Pro,"Los Angeles, California, USA","January 24, 2009","El Shahat, Tamer",Egypt,160,80,,,,240,17,Men's BB
2009 Iron Man Pro,"Los Angeles, California, USA","January 24, 2009","Emelyanov, Oleg",Russia,160,80,,,,240,17,Men's BB
2009 Iron Man Pro,"Los Angeles, California, USA","January 24, 2009","Faour, Aiman",Lebanon,160,80,,,,240,17,Men's BB
2009 Iron Man Pro,"Los Angeles, California, USA","January 24, 2009","Grimez, DeShaun",USA,160,80,,,,240,17,Men's BB
2009 Iron Man Pro,"Los Angeles, California, USA","January 24, 2009","Haidar, Ahmad",Lebanon,60,26,25,,,111,5,Men's BB
2009 Iron Man Pro,"Los Angeles, California, USA","January 24, 2009","Haley, Marcus",USA,84,46,,,,130,9,Men's BB
2009 Iron Man Pro,"Los Angeles, California, USA","January 24, 2009","Jackson, Johnnie",USA,106,56,,,,162,10,Men's BB
2009 Iron Man Pro,"Los Angeles, California, USA","January 24, 2009","Jeffers, Rusty",USA,160,80,,,,240,17,Men's BB
2009 Iron Man Pro,"Los Angeles, California, USA","January 24, 2009","Kjellstrom, Martin",Sweden,132,61,,,,193,13,Men's BB
2009 Iron Man Pro,"Los Angeles, California, USA","January 24, 2009","LaVoie, Marc",Canada,160,80,,,,240,17,Men's BB
2009 Iron Man Pro,"Los Angeles, California, USA","January 24, 2009","Long, Don",USA,160,80,,,,240,17,Men's BB
2009 Iron Man Pro,"Los Angeles, California, USA","January 24, 2009","Lytle, Daron",USA,160,80,,,,240,17,Men's BB
2009 Iron Man Pro,"Los Angeles, California, USA","January 24, 2009","Mendible, Cesar",Venezuela,160,80,,,,240,17,Men's BB
2009 Iron Man Pro,"Los Angeles, California, USA","January 24, 2009","Mishin, Evgeny",Russia,160,80,,,,240,17,Men's BB
2009 Arnold Classic,"Columbus, Ohio, USA","March 6, 2009",Georgina Lona,Mexico,77,82,,,,159,17,Figure
2009 Arnold Classic,"Columbus, Ohio, USA","March 6, 2009",Juliana Malacarne,Brazil,63,71,,,,134,13,Figure
2009 Arnold Classic,"Columbus, Ohio, USA","March 6, 2009",Amy Fry,USA,15,12,,,,27,3,Figure
2009 Arnold Classic,"Columbus, Ohio, USA","March 6, 2009",Zivile Raudoniene,Lithuania,10,5,,,,15,1,Figure
2009 Arnold Classic,"Columbus, Ohio, USA","March 6, 2009",Kristal Richardson,USA,20,19,,,,39,4,Figure
2009 Arnold Classic,"Columbus, Ohio, USA","March 6, 2009",Lenay Hernandez,USA,78,66,,,,144,15,Figure
2009 Arnold Classic,"Columbus, Ohio, USA","March 6, 2009",Sonia Gonzales,USA,39,42,,,,81,8,Figure
2009 Arnold Classic,"Columbus, Ohio, USA","March 6, 2009",Latisha Wilder,USA,61,56,,,,117,12,Figure
2009 Arnold Classic,"Columbus, Ohio, USA","March 6, 2009",Gina Aliotti,USA,5,12,,,,17,2,Figure
2009 Arnold Classic,"Columbus, Ohio, USA","March 6, 2009",Felicia Romero,USA,26,28,,,,54,5,Figure
2009 Arnold Classic,"Columbus, Ohio, USA","March 6, 2009",Heather Mae French,USA,35,34,,,,69,7,Figure
2009 Arnold Classic,"Columbus, Ohio, USA","March 6, 2009",Erin Stern,USA,44,57,,,,101,10,Figure
2009 Arnold Classic,"Columbus, Ohio, USA","March 6, 2009",Brenda Marie Smith,USA,76,75,,,,151,16,Figure
2009 Arnold Classic,"Columbus, Ohio, USA","March 6, 2009",Chastity Slone,USA,54,50,,,,104,11,Figure
2009 Arnold Classic,"Columbus, Ohio, USA","March 6, 2009",Monica Brant,USA,30,35,,,,65,6,Figure
2009 Arnold Classic,"Columbus, Ohio, USA","March 6, 2009",Sherlyn Roy,USA,59,41,,,,100,9,Figure
2009 Arnold Classic,"Columbus, Ohio, USA","March 6, 2009",Huong Arcinas,USA,63,77,,,,140,14,Figure
2009 Arnold Classic,"Columbus, Ohio, USA","March 6, 2009",Nicole Wilkins-Lee,USA,34,33,48,60,,175,8,Fitness
2009 Arnold Classic,"Columbus, Ohio, USA","March 6, 2009",Heidi Fletcher-Sullivan,USA,78,80,71,74,,303,16,Fitness
2009 Arnold Classic,"Columbus, Ohio, USA","March 6, 2009",Regaine DaSilva,Germany,30,26,24,21,,101,4,Fitness
2009 Arnold Classic,"Columbus, Ohio, USA","March 6, 2009",Jessica Clay,USA,66,70,69,78,,283,15,Fitness
2009 Arnold Classic,"Columbus, Ohio, USA","March 6, 2009",Jen Hendershott,USA,7,7,5,8,,27,1,Fitness
2009 Arnold Classic,"Columbus, Ohio, USA","March 6, 2009",Shannon Meteraud,USA,40,35,31,36,,142,6,Fitness
2009 Arnold Classic,"Columbus, Ohio, USA","March 6, 2009",Erin Riley,USA,68,69,42,49,,228,13,Fitness
2009 Arnold Classic,"Columbus, Ohio, USA","March 6, 2009",Oksana Grishina,Russia,51,53,44,28,,176,9,Fitness
2009 Arnold Classic,"Columbus, Ohio, USA","March 6, 2009",Julie Palmer,USA,15,8,26,23,,72,2,Fitness
2009 Arnold Classic,"Columbus, Ohio, USA","March 6, 2009",Mindi O'Brien,Canada,51,58,42,40,,191,10,Fitness
2009 Arnold Classic,"Columbus, Ohio, USA","March 6, 2009",Tina Durkin,USA,24,14,38,50,,126,5,Fitness
2009 Arnold Classic,"Columbus, Ohio, USA","March 6, 2009",Tracey Greenwood,USA,9,24,26,21,,80,3,Fitness
2009 Arnold Classic,"Columbus, Ohio, USA","March 6, 2009",Nicole Duncan,USA,73,72,59,28,,232,14,Fitness
2009 Arnold Classic,"Columbus, Ohio, USA","March 6, 2009",Trish Warren,USA,24,32,45,58,,159,7,Fitness
2009 Arnold Classic,"Columbus, Ohio, USA","March 6, 2009",Tanji Johnson,USA,63,53,36,46,,198,11,Fitness
2009 Arnold Classic,"Columbus, Ohio, USA","March 6, 2009",Bethany Gainey,USA,45,49,63,62,,219,12,Fitness
2009 Arnold Classic,"Columbus, Ohio, USA","March 7, 2009",Moe Elmoussawi,New Zealand,60,32,30,,,122,6,Men's BB
2009 Arnold Classic,"Columbus, Ohio, USA","March 7, 2009",Sergey Shelestov,Russia,74,39,,,,113,8,Men's BB
2009 Arnold Classic,"Columbus, Ohio, USA","March 7, 2009",Victor Martinez,Dominican Republic,16,12,12,,,40,2,Men's BB
2009 Arnold Classic,"Columbus, Ohio, USA","March 7, 2009",Ronny Rockel,Germany,100,49,,,,149,10,Men's BB
2009 Arnold Classic,"Columbus, Ohio, USA","March 7, 2009",Silvio Samuel,Spain,50,22,23,,,95,5,Men's BB
2009 Arnold Classic,"Columbus, Ohio, USA","March 7, 2009",Dennis James,Germany,74,36,,,,110,7,Men's BB
2009 Arnold Classic,"Columbus, Ohio, USA","March 7, 2009",Johnnie Jackson,USA,90,45,,,,135,9,Men's BB
2009 Arnold Classic,"Columbus, Ohio, USA","March 7, 2009",Kai Greene,USA,20,5,5,,,30,1,Men's BB
2009 Arnold Classic,"Columbus, Ohio, USA","March 7, 2009",Branch Warren,USA,24,13,13,,,50,3,Men's BB
2009 Arnold Classic,"Columbus, Ohio, USA","March 7, 2009",Marcus Haley,USA,128,61,,,,189,13,Men's BB
2009 Arnold Classic,"Columbus, Ohio, USA","March 7, 2009",Gustavo Badell,Puerto Rico,114,58,,,,172,11,Men's BB
2009 Arnold Classic,"Columbus, Ohio, USA","March 7, 2009",Toney Freeman,USA,40,20,21,,,81,4,Men's BB
2009 Arnold Classic,"Columbus, Ohio, USA","March 7, 2009",Ahmad Haidar,Lebanon,122,60,,,,182,12,Men's BB
2009 Arnold Classic,"Columbus, Ohio, USA","March 6, 2009",Betty Pariso,USA,,,,,,,,Women's Bodybuilding
2009 Arnold Classic,"Columbus, Ohio, USA","March 6, 2009",Debi Laszewski,USA,20,10,10,,,40,2,Women's Bodybuilding
2009 Arnold Classic,"Columbus, Ohio, USA","March 6, 2009",Iris Kyle,USA,10,5,5,,,20,1,Women's Bodybuilding
2009 Arnold Classic,"Columbus, Ohio, USA","March 6, 2009",Mah-Ann Mendoza,USA,106,52,,,,158,10,Women's Bodybuilding
2009 Arnold Classic,"Columbus, Ohio, USA","March 6, 2009",Rosemary Jennings,USA,118,59,,,,177,12,Women's Bodybuilding
2009 Arnold Classic,"Columbus, Ohio, USA","March 6, 2009",Dena Westerfield,USA,90,46,,,,136,9,Women's Bodybuilding
2009 Arnold Classic,"Columbus, Ohio, USA","March 6, 2009",Betty Viana-Adkins,Venezuela,60,27,30,,,117,6,Women's Bodybuilding
2009 Arnold Classic,"Columbus, Ohio, USA","March 6, 2009",Dayana Cadeau,Canada,50,25,25,,,100,5,Women's Bodybuilding
2009 Arnold Classic,"Columbus, Ohio, USA","March 6, 2009",Heather Armbrust,USA,40,20,21,,,81,4,Women's Bodybuilding
2009 Arnold Classic,"Columbus, Ohio, USA","March 6, 2009",Brenda Raganot,USA,112,48,,,,160,11,Women's Bodybuilding
2009 Arnold Classic,"Columbus, Ohio, USA","March 6, 2009",Yaxeni Oriquen-Garcia,Venezuela,30,15,15,,,60,3,Women's Bodybuilding
2009 Arnold Classic,"Columbus, Ohio, USA","March 6, 2009",Maria Gomez-Segura,Mexico,126,63,,,,189,13,Women's Bodybuilding
2009 Arnold Classic,"Columbus, Ohio, USA","March 6, 2009",Isabelle Turell,USA,70,36,,,,106,7,Women's Bodybuilding
2009 Arnold Classic,"Columbus, Ohio, USA","March 6, 2009",Cathy LeFrancis,Canada,78,37,,,,115,8,Women's Bodybuilding
2009 IFBB AUSTRALIA PRO GRAND PRIX IX,"Melbourne, Australia","March 14, 2009",Constantinos Demetriou,Australia,72,38,,,,110,8,Men's Bodybuilding
2009 IFBB AUSTRALIA PRO GRAND PRIX IX,"Melbourne, Australia","March 14, 2009",Toney Freeman,USA,26,14,12,,,52,3,Men's Bodybuilding
2009 IFBB AUSTRALIA PRO GRAND PRIX IX,"Melbourne, Australia","March 14, 2009",Rusty Jeffers,USA,68,32,,,,100,7,Men's Bodybuilding
2009 IFBB AUSTRALIA PRO GRAND PRIX IX,"Melbourne, Australia","March 14, 2009",Michael Kefalianos,Australia,42,29,20,,,91,4,Men's Bodybuilding
2009 IFBB AUSTRALIA PRO GRAND PRIX IX,"Melbourne, Australia","March 14, 2009",Dexter Oscar,Tahiti,64,30,,,,94,6,Men's Bodybuilding
2009 IFBB AUSTRALIA PRO GRAND PRIX IX,"Melbourne, Australia","March 14, 2009",Grant Pieterse,New Zealand,90,45,,,,135,9,Men's Bodybuilding
2009 IFBB AUSTRALIA PRO GRAND PRIX IX,"Melbourne, Australia","March 14, 2009",Ivan Sadek,Australia,52,27,25,,,104,5,Men's Bodybuilding
2009 IFBB AUSTRALIA PRO GRAND PRIX IX,"Melbourne, Australia","March 14, 2009",Silvio Samuel,Spain,24,11,13,,,48,2,Men's Bodybuilding
2009 IFBB AUSTRALIA PRO GRAND PRIX IX,"Melbourne, Australia","March 14, 2009",Kai Greene,USA,10,5,5,,,20,1,Men's Bodybuilding
2009 IFBB AUSTRALIA PRO GRAND PRIX IX,"Melbourne, Australia","March 14, 2009",,,,,,,,,,
2009 IFBB AUSTRALIA PRO GRAND PRIX IX,"Melbourne, Australia","March 14, 2009",,,,,,,,,,
2009 IFBB AUSTRALIA PRO GRAND PRIX IX,"Melbourne, Australia","March 14, 2009",,,,,,,,,,
2009 IFBB AUSTRALIA PRO GRAND PRIX IX,"Melbourne, Australia","March 14, 2009",,,,,,,,,,
2009 IFBB AUSTRALIA PRO GRAND PRIX IX,"Melbourne, Australia","March 14, 2009",,,,,,,,,,
2009 IFBB AUSTRALIA PRO GRAND PRIX IX,"Melbourne, Australia","March 14, 2009",,,,,,,,,,
2009 IFBB AUSTRALIA PRO GRAND PRIX IX,"Melbourne, Australia","March 14, 2009",,,,,,,,,,
2009 IFBB EUROPA SHOW OF CHAMPIONS ORLANDO,"Orlando, Florida","April 18, 2009","Bernardo, Aymara",Venezuela,71,72,,,,143,16,Women's Figure
2009 IFBB EUROPA SHOW OF CHAMPIONS ORLANDO,"Orlando, Florida","April 18, 2009","Brant, Monica",USA,13,15,,,,28,3,Women's Figure
2009 IFBB EUROPA SHOW OF CHAMPIONS ORLANDO,"Orlando, Florida","April 18, 2009","Brown, Deanne",Canada,80,80,,,,160,16,Women's Figure
2009 IFBB EUROPA SHOW OF CHAMPIONS ORLANDO,"Orlando, Florida","April 18, 2009","Caulard, Natalie",USA,80,80,,,,160,16,Women's Figure
2009 IFBB EUROPA SHOW OF CHAMPIONS ORLANDO,"Orlando, Florida","April 18, 2009","Cammor, Rachel",USA,41,46,,,,87,8,Women's Figure
2009 IFBB EUROPA SHOW OF CHAMPIONS ORLANDO,"Orlando, Florida","April 18, 2009","French, Heather Mae",USA,9,9,,,,18,2,Women's Figure
2009 IFBB EUROPA SHOW OF CHAMPIONS ORLANDO,"Orlando, Florida","April 18, 2009","Gardner, Brandie",USA,71,71,,,,142,14,Women's Figure
2009 IFBB EUROPA SHOW OF CHAMPIONS ORLANDO,"Orlando, Florida","April 18, 2009","Haines, Valerie",USA,34,29,,,,63,6,Women's Figure
2009 IFBB EUROPA SHOW OF CHAMPIONS ORLANDO,"Orlando, Florida","April 18, 2009","Halikka, Lisbeth",Finland,80,80,,,,160,16,Women's Figure
2009 IFBB EUROPA SHOW OF CHAMPIONS ORLANDO,"Orlando, Florida","April 18, 2009","Hernandez, Alana",USA,80,80,,,,160,16,Women's Figure
2009 IFBB EUROPA SHOW OF CHAMPIONS ORLANDO,"Orlando, Florida","April 18, 2009","Holland, Catherine",USA,80,80,,,,160,16,Women's Figure
2009 IFBB EUROPA SHOW OF CHAMPIONS ORLANDO,"Orlando, Florida","April 18, 2009","Jimenez, Ines",Costa Rica,80,80,,,,160,16,Women's Figure
2009 IFBB EUROPA SHOW OF CHAMPIONS ORLANDO,"Orlando, Florida","April 18, 2009","Keene, Candice",USA,29,34,,,,63,6,Women's Figure
2009 IFBB EUROPA SHOW OF CHAMPIONS ORLANDO,"Orlando, Florida","April 18, 2009","Kerr, Cea Anna",Canada,80,80,,,,160,16,Women's Figure
2009 IFBB EUROPA SHOW OF CHAMPIONS ORLANDO,"Orlando, Florida","April 18, 2009","Martin, Amy Lee",USA,80,80,,,,160,16,Women's Figure
2009 IFBB EUROPA SHOW OF CHAMPIONS ORLANDO,"Orlando, Florida","April 18, 2009","Mertl, Petra",Czech Rep.,80,80,,,,160,16,Women's Figure
2009 IFBB EUROPA SHOW OF CHAMPIONS ORLANDO,"Orlando, Florida","April 18, 2009","Migliacci, Jennifer",USA,57,59,,,,116,11,Women's Figure
2009 IFBB EUROPA SHOW OF CHAMPIONS ORLANDO,"Orlando, Florida","April 18, 2009","Mason-Etiz, Hazal",USA,45,44,,,,89,10,Women's Figure
2009 IFBB EUROPA SHOW OF CHAMPIONS ORLANDO,"Orlando, Florida","April 18, 2009","Negaravskaite, Inga",Lithuania,18,18,,,,36,4,Women's Figure
2009 IFBB EUROPA SHOW OF CHAMPIONS ORLANDO,"Orlando, Florida","April 18, 2009","Nunn, Kristin",USA,62,80,,,,142,14,Women's Figure
2009 IFBB EUROPA SHOW OF CHAMPIONS ORLANDO,"Orlando, Florida","April 18, 2009","Pitcher-Scott, Nicole",United Kingdom,80,80,,,,160,16,Women's Figure
2009 IFBB EUROPA SHOW OF CHAMPIONS ORLANDO,"Orlando, Florida","April 18, 2009","Porter, Marcy",USA,69,74,,,,143,16,Women's Figure
2009 IFBB EUROPA SHOW OF CHAMPIONS ORLANDO,"Orlando, Florida","April 18, 2009","Stern, Erin",USA,27,26,,,,53,5,Women's Figure
2009 IFBB EUROPA SHOW OF CHAMPIONS ORLANDO,"Orlando, Florida","April 18, 2009","Sitter, Laura",USA,44,44,,,,88,9,Women's Figure
2009 IFBB EUROPA SHOW OF CHAMPIONS ORLANDO,"Orlando, Florida","April 18, 2009","Tancher, Shelly",USA,80,80,,,,160,16,Women's Figure
2009 IFBB EUROPA SHOW OF CHAMPIONS ORLANDO,"Orlando, Florida","April 18, 2009","Waples, Natalie",Canada,67,65,,,,132,12,Women's Figure
2009 IFBB EUROPA SHOW OF CHAMPIONS ORLANDO,"Orlando, Florida","April 18, 2009","Williams-Lee, Nicole",USA,9,8,,,,17,1,Women's Figure
2009 IFBB EUROPA SHOW OF CHAMPIONS ORLANDO,"Orlando, Florida","April 18, 2009","Williams, Karen",Trinidad,80,55,,,,135,13,Women's Figure
2009 IFBB EUROPA SHOW OF CHAMPIONS ORLANDO,"Orlando, Florida","April 18, 2009","Blanchard, Maggie",USA,61,63,38,45,,207,11,Women's Fitness
2009 IFBB EUROPA SHOW OF CHAMPIONS ORLANDO,"Orlando, Florida","April 18, 2009","Booth-Palmer, Jessica",USA,38,36,43,56,,173,8,Women's Fitness
2009 IFBB EUROPA SHOW OF CHAMPIONS ORLANDO,"Orlando, Florida","April 18, 2009","Cares, Myriam",Canada,18,18,6,15,,57,2,Women's Fitness
2009 IFBB EUROPA SHOW OF CHAMPIONS ORLANDO,"Orlando, Florida","April 18, 2009","Dey, Shannon",USA,67,68,56,51,,242,13,Women's Fitness
2009 IFBB EUROPA SHOW OF CHAMPIONS ORLANDO,"Orlando, Florida","April 18, 2009","Durkin, Tina",USA,13,12,31,32,,88,5,Women's Fitness
2009 IFBB EUROPA SHOW OF CHAMPIONS ORLANDO,"Orlando, Florida","April 18, 2009","Frederick, Melissa",USA,34,33,47,44,,158,6,Women's Fitness
2009 IFBB EUROPA SHOW OF CHAMPIONS ORLANDO,"Orlando, Florida","April 18, 2009","Graber, Ryan",Canada,57,57,31,35,,180,9,Women's Fitness
2009 IFBB EUROPA SHOW OF CHAMPIONS ORLANDO,"Orlando, Florida","April 18, 2009","Hughes, Liza",USA,57,55,60,46,,218,12,Women's Fitness
2009 IFBB EUROPA SHOW OF CHAMPIONS ORLANDO,"Orlando, Florida","April 18, 2009","Jones, Donna",Australia,33,35,42,52,,162,7,Women's Fitness
2009 IFBB EUROPA SHOW OF CHAMPIONS ORLANDO,"Orlando, Florida","April 18, 2009","Meteraud, Shannon",USA,5,6,15,13,,39,1,Women's Fitness
2009 IFBB EUROPA SHOW OF CHAMPIONS ORLANDO,"Orlando, Florida","April 18, 2009","Norton, Leslie Rae",USA,62,58,66,70,,256,14,Women's Fitness
2009 IFBB EUROPA SHOW OF CHAMPIONS ORLANDO,"Orlando, Florida","April 18, 2009","O'Brien, Mindi",Canada,24,24,10,9,,67,3,Women's Fitness
2009 IFBB EUROPA SHOW OF CHAMPIONS ORLANDO,"Orlando, Florida","April 18, 2009","Polk, Mandy",USA,70,70,74,71,,285,15,Women's Fitness
2009 IFBB EUROPA SHOW OF CHAMPIONS ORLANDO,"Orlando, Florida","April 18, 2009","Riley, Erin",USA,15,16,21,18,,70,4,Women's Fitness
2009 IFBB EUROPA SHOW OF CHAMPIONS ORLANDO,"Orlando, Florida","April 18, 2009","Silva, Siene",USA,45,45,56,40,,186,10,Women's Fitness
2009 Europa Show of Champions Orlando,"Orlando, Florida","April 18, 2009","Alves, Troy",USA,5,5,5,,,15,1,Men's Bodybuilding
2009 Europa Show of Champions Orlando,"Orlando, Florida","April 18, 2009","Bautista, Francisco",Spain,31,30,,,,,,Men's Bodybuilding
2009 Europa Show of Champions Orlando,"Orlando, Florida","April 18, 2009","Carrasco, Raul",Spain,80,80,,,,,,Men's Bodybuilding
2009 Europa Show of Champions Orlando,"Orlando, Florida","April 18, 2009","Charles, Darrem",Trinidad,15,13,15,,,43,3,Men's Bodybuilding
2009 Europa Show of Champions Orlando,"Orlando, Florida","April 18, 2009","Deckard, Omar",USA,61,60,,,,,,Men's Bodybuilding
2009 Europa Show of Champions Orlando,"Orlando, Florida","April 18, 2009","Farah, George",USA,34,37,,,,,,Men's Bodybuilding
2009 Europa Show of Champions Orlando,"Orlando, Florida","April 18, 2009","Haman, Andy",USA,65,64,,,,,,Men's Bodybuilding
2009 Europa Show of Champions Orlando,"Orlando, Florida","April 18, 2009","Holloway, Jr., Milton",USA,80,80,,,,,,Men's Bodybuilding
2009 Europa Show of Champions Orlando,"Orlando, Florida","April 18, 2009","Long, Don",USA,55,56,,,,,,Men's Bodybuilding
2009 Europa Show of Champions Orlando,"Orlando, Florida","April 18, 2009","Oscar, Dexter",Tahiti,70,64,,,,,,Men's Bodybuilding
2009 Europa Show of Champions Orlando,"Orlando, Florida","April 18, 2009","Rowe, Jonathan",USA,41,42,,,,,,Men's Bodybuilding
2009 Europa Show of Champions Orlando,"Orlando, Florida","April 18, 2009","Sauvage, Frederic",France,26,25,20,,,71,5,Men's Bodybuilding
2009 Europa Show of Champions Orlando,"Orlando, Florida","April 18, 2009","Seccarecci, Daniele",Italy,50,58,,,,,,Men's Bodybuilding
2009 Europa Show of Champions Orlando,"Orlando, Florida","April 18, 2009","Shelestov, Sergey",Russia,20,20,25,,,65,4,Men's Bodybuilding
2009 Europa Show of Champions Orlando,"Orlando, Florida","April 18, 2009","Simmons, John",USA,80,80,,,,,,Men's Bodybuilding
2009 Europa Show of Champions Orlando,"Orlando, Florida","April 18, 2009","Wonsley, Nathan",USA,73,70,,,,,,Men's Bodybuilding
2009 Europa Show of Champions Orlando,"Orlando, Florida","April 18, 2009","Yamagishi, Hidetada",Japan,10,12,10,,,32,2,Men's Bodybuilding
2009 Europa Show of Champions Orlando,"Orlando, Florida","April 18, 2009","Filho, Miguel",Brazil,43,44,,,,,,Men's Bodybuilding
2009 IFBB PITTSBURGH,"Pittsburgh, Pennsylvania","May 2, 2009","Ahmad, Ahmad",Sweden,50,23,18,,,91,4,Men's 202 Under
2009 IFBB PITTSBURGH,"Pittsburgh, Pennsylvania","May 2, 2009","Arntz, Jason",USA,34,16,17,,,67,3,Men's 202 Under
2009 IFBB PITTSBURGH,"Pittsburgh, Pennsylvania","May 2, 2009","Burke, Steve",USA,114,59,,,,173,12,Men's 202 Under
2009 IFBB PITTSBURGH,"Pittsburgh, Pennsylvania","May 2, 2009","Correa Da Silva, Eduardo",Brazil,10,5,5,,,20,1,Men's 202 Under
2009 IFBB PITTSBURGH,"Pittsburgh, Pennsylvania","May 2, 2009","Dugdale, Mark",USA,20,10,10,,,40,2,Men's 202 Under
2009 IFBB PITTSBURGH,"Pittsburgh, Pennsylvania","May 2, 2009","Farah, George",USA,38,32,25,,,95,5,Men's 202 Under
2009 IFBB PITTSBURGH,"Pittsburgh, Pennsylvania","May 2, 2009","Galanti, Vinny",USA,82,40,,,,122,8,Men's 202 Under
2009 IFBB PITTSBURGH,"Pittsburgh, Pennsylvania","May 2, 2009","Jones, Richard",USA,86,45,,,,131,9,Men's 202 Under
2009 IFBB PITTSBURGH,"Pittsburgh, Pennsylvania","May 2, 2009","Rando, Greg",USA,68,25,,,,93,7,Men's 202 Under
2009 IFBB PITTSBURGH,"Pittsburgh, Pennsylvania","May 2, 2009","Solis Torres, Mauricio",Puerto Rico,114,55,,,,169,11,Men's 202 Under
2009 IFBB PITTSBURGH,"Pittsburgh, Pennsylvania","May 2, 2009","Valentino, Mike",USA,52,25,,,,77,6,Men's 202 Under
2009 IFBB PITTSBURGH,"Pittsburgh, Pennsylvania","May 2, 2009","Wonsley, Nathan",USA,100,51,,,,151,10,Men's 202 Under
2009 IFBB NEW YORK PRO,"New York, New York, USA","April 11, 2009",Maggie Blanchard,USA,42,44,36,42,,164,10,FITNESS
2009 IFBB NEW YORK PRO,"New York, New York, USA","April 11, 2009",Myriam Capes,Canada,31,11,53,18,,113,5,FITNESS
2009 IFBB NEW YORK PRO,"New York, New York, USA","April 11, 2009",Shannon Dey,USA,39,38,34,38,,149,9,FITNESS
2009 IFBB NEW YORK PRO,"New York, New York, USA","April 11, 2009",Tina Durkin,USA,31,18,11,27,,87,3,FITNESS
2009 IFBB NEW YORK PRO,"New York, New York, USA","April 11, 2009",Ryall Graber,Canada,45,46,21,53,,165,11,FITNESS
2009 IFBB NEW YORK PRO,"New York, New York, USA","April 11, 2009",Stephanie Irick,USA,49,50,32,5,,136,7,FITNESS
2009 IFBB NEW YORK PRO,"New York, New York, USA","April 11, 2009",Donna Jones,Australia,51,51,42,45,,189,12,FITNESS
2009 IFBB NEW YORK PRO,"New York, New York, USA","April 11, 2009",Shannon Meteraud,USA,11,5,18,11,,45,1,FITNESS
2009 IFBB NEW YORK PRO,"New York, New York, USA","April 11, 2009",Erin Riley,USA,33,34,45,21,,133,6,FITNESS
2009 IFBB NEW YORK PRO,"New York, New York, USA","April 11, 2009",Bethany Wagner,USA,5,33,51,51,,140,8,FITNESS
2009 IFBB NEW YORK PRO,"New York, New York, USA","April 11, 2009",Trish Warren,USA,15,22,5,32,,74,2,FITNESS
2009 IFBB NEW YORK PRO,"New York, New York, USA","April 11, 2009",Nicole Wilkins-Lee,USA,17,21,27,34,,99,4,FITNESS
2009 IFBB New York Pro Championships,"New York, New York","May 16, 2009","Arntz, Jason",USA,52,29,,,,81,5,Men's 202
2009 IFBB New York Pro Championships,"New York, New York","May 16, 2009","Bellehumeur, Gilles",Canada,100,50,,,,150,10,Men's 202
2009 IFBB New York Pro Championships,"New York, New York","May 16, 2009","Correa Da Silva, Eduardo",Brazil,40,19,,,,59,4,Men's 202
2009 IFBB New York Pro Championships,"New York, New York","May 16, 2009","Dugdale, Mark",USA,20,14,11,,,45,2,Men's 202
2009 IFBB New York Pro Championships,"New York, New York","May 16, 2009","English, Kevin",USA,10,5,5,,,20,1,Men's 202
2009 IFBB New York Pro Championships,"New York, New York","May 16, 2009","Galanti, Vinny",USA,74,37,,,,111,7,Men's 202
2009 IFBB New York Pro Championships,"New York, New York","May 16, 2009","Henry, David",USA,30,12,14,,,56,3,Men's 202
2009 IFBB New York Pro Championships,"New York, New York","May 16, 2009","Mubarak, Fakhri",USA,58,26,,,,84,6,Men's 202
2009 IFBB New York Pro Championships,"New York, New York","May 16, 2009","Raymond, Jose",USA,78,38,,,,116,8,Men's 202
2009 IFBB New York Pro Championships,"New York, New York","May 16, 2009","Liu, Vincent",Canada,90,45,,,,135,9,Men's 202
2009 IFBB NEW YORK PRO,"New York, New York","May 16, 2009","Adzievski, Oliver",Sweden,158,,,,,158,16,Men's Open Bodybuilding
2009 IFBB NEW YORK PRO,"New York, New York","May 16, 2009","Bautista, Francisco",Spain,124,56,,,,180,12,Men's Open Bodybuilding
2009 IFBB NEW YORK PRO,"New York, New York","May 16, 2009","Centopani, Evan",USA,14,5,5,,,24,1,Men's Open Bodybuilding
2009 IFBB NEW YORK PRO,"New York, New York","May 16, 2009","Charles, Darrem",Trinidad,70,30,,,,100,7,Men's Open Bodybuilding
2009 IFBB NEW YORK PRO,"New York, New York","May 16, 2009","Elsetouhi, Tarek",Germany,60,36,,,,96,6,Men's Open Bodybuilding
2009 IFBB NEW YORK PRO,"New York, New York","May 16, 2009","Faour, Aiman",Lebanon,160,,,,,160,17,Men's Open Bodybuilding
2009 IFBB NEW YORK PRO,"New York, New York","May 16, 2009","Ingram, Leo",USA,144,69,,,,213,15,Men's Open Bodybuilding
2009 IFBB NEW YORK PRO,"New York, New York","May 16, 2009","James, Dennis",Germany,20,13,10,,,43,2,Men's Open Bodybuilding
2009 IFBB NEW YORK PRO,"New York, New York","May 16, 2009","Kefalianos, Michael",Australia,112,55,,,,167,11,Men's Open Bodybuilding
2009 IFBB NEW YORK PRO,"New York, New York","May 16, 2009","Mentula, Jari",Finland,160,,,,,160,17,Men's Open Bodybuilding
2009 IFBB NEW YORK PRO,"New York, New York","May 16, 2009","Mishin, Eugene",Russia,80,39,,,,119,8,Men's Open Bodybuilding
2009 IFBB NEW YORK PRO,"New York, New York","May 16, 2009","Mula, Francisco Javier",Spain,148,74,,,,222,14,Men's Open Bodybuilding
2009 IFBB NEW YORK PRO,"New York, New York","May 16, 2009","Ruhl, Marcus",Germany,28,17,15,,,60,3,Men's Open Bodybuilding
2009 IFBB NEW YORK PRO,"New York, New York","May 16, 2009","Samuel, Silvio",Spain,46,19,21,,,86,4,Men's Open Bodybuilding
2009 IFBB NEW YORK PRO,"New York, New York","May 16, 2009","Sergovksiy, Denis",Russia,160,,,,,160,17,Men's Open Bodybuilding
2009 IFBB NEW YORK PRO,"New York, New York","May 16, 2009","Shelestov, Sergey",Russia,90,45,,,,135,9,Men's Open Bodybuilding
2009 IFBB NEW YORK PRO,"New York, New York","May 16, 2009","Van Amsterdam, Eduard",Netherlands,120,61,,,,181,13,Men's Open Bodybuilding
2009 IFBB NEW YORK PRO,"New York, New York","May 16, 2009","White, Ben",USA,110,56,,,,166,10,Men's Open Bodybuilding
2009 IFBB NEW YORK PRO,"New York, New York","May 16, 2009","Yamagishi, Hidetada",Japan,42,25,24,,,91,5,Men's Open Bodybuilding
2009 IFBB NEW YORK PRO,"New York, New York","May 16, 2009","Andersen, Irene",Sweden,160,,,,,160,17,Women's Pro Bodybuilding
2009 IFBB NEW YORK PRO,"New York, New York","May 16, 2009","Antoine, Fabi",Belgium,160,,,,,160,17,Women's Pro Bodybuilding
2009 IFBB NEW YORK PRO,"New York, New York","May 16, 2009","Bramwell, Debbie",USA,40,15,,,,55,4,Women's Pro Bodybuilding
2009 IFBB NEW YORK PRO,"New York, New York","May 16, 2009","Buck, Kim",USA,160,,,,,160,17,Women's Pro Bodybuilding
2009 IFBB NEW YORK PRO,"New York, New York","May 16, 2009","Bustamante, Myriam",USA,160,,,,,160,17,Women's Pro Bodybuilding
2009 IFBB NEW YORK PRO,"New York, New York","May 16, 2009","Calo, Maria",USA,160,,,,,160,17,Women's Pro Bodybuilding
2009 IFBB NEW YORK PRO,"New York, New York","May 16, 2009","Caputo, Giusy",Italy,160,,,,,160,17,Women's Pro Bodybuilding
2009 IFBB NEW YORK PRO,"New York, New York","May 16, 2009","Columb, Tazzie",USA,60,30,,,,90,7,Women's Pro Bodybuilding
2009 IFBB NEW YORK PRO,"New York, New York","May 16, 2009","DiRenzo, Beverly",USA,106,54,,,,160,11,Women's Pro Bodybuilding
2009 IFBB NEW YORK PRO,"New York, New York","May 16, 2009","Gomez-Seguro, Maria del Carmen",Mexico,128,70,,,,198,13,Women's Pro Bodybuilding
2009 IFBB NEW YORK PRO,"New York, New York","May 16, 2009","Jennings, Rosemary",USA,28,22,15,,,65,3,Women's Pro Bodybuilding
2009 IFBB NEW YORK PRO,"New York, New York","May 16, 2009","Johansson, Marika",Sweden,158,,,,,158,16,Women's Pro Bodybuilding
2009 IFBB NEW YORK PRO,"New York, New York","May 16, 2009","LeFrancois, Cathy",Canada,10,5,5,,,20,1,Women's Pro Bodybuilding
2009 IFBB NEW YORK PRO,"New York, New York","May 16, 2009","Lewis, Nancy",USA,144,68,,,,212,14,Women's Pro Bodybuilding
2009 IFBB NEW YORK PRO,"New York, New York","May 16, 2009","Manios, Maryse",France,112,60,,,,172,12,Women's Pro Bodybuilding
2009 IFBB NEW YORK PRO,"New York, New York","May 16, 2009","Nardi, Nadia",Canada,160,,,,,160,17,Women's Pro Bodybuilding
2009 IFBB NEW YORK PRO,"New York, New York","May 16, 2009","Paparone, Jeannie",USA,68,21,,,,89,6,Women's Pro Bodybuilding
2009 IFBB NEW YORK PRO,"New York, New York","May 16, 2009","Pariso, Betty",USA,22,14,10,,,46,2,Women's Pro Bodybuilding
2009 IFBB NEW YORK PRO,"New York, New York","May 16, 2009","Partenza, Claudia",Italy,148,70,,,,218,15,Women's Pro Bodybuilding
2009 IFBB NEW YORK PRO,"New York, New York","May 16, 2009","Raganot, Brenda",USA,80,36,,,,116,8,Women's Pro Bodybuilding
2009 IFBB NEW YORK PRO,"New York, New York","May 16, 2009","Sedia, Jennifer",USA,94,46,,,,140,9,Women's Pro Bodybuilding
2009 IFBB NEW YORK PRO,"New York, New York","May 16, 2009","Thompson, Antoinette (Tonie)",USA,104,49,,,,153,10,Women's Pro Bodybuilding
2009 IFBB NEW YORK PRO,"New York, New York","May 16, 2009","Tinnelle-Standback, Diana",USA,160,,,,,160,17,Women's Pro Bodybuilding
2009 IFBB NEW YORK PRO,"New York, New York","May 16, 2009","Westerfield, Dena",USA,50,34,,,,84,5,Women's Pro Bodybuilding
2009 JACKSONVILLE PRO,"Jacksonville, Florida","August 1, 2009","Bloomfield, Tinamarie",USA,42,36,,,,78,6,FIGURE
2009 JACKSONVILLE PRO,"Jacksonville, Florida","August 1, 2009","Briceno, Tivisay",USA,38,47,,,,85,9,FIGURE
2009 JACKSONVILLE PRO,"Jacksonville, Florida","August 1, 2009","Chin, Krissy",USA,22,29,,,,51,4,FIGURE
2009 JACKSONVILLE PRO,"Jacksonville, Florida","August 1, 2009","Clere, Melody",USA,65,66,,,,131,14,FIGURE
2009 JACKSONVILLE PRO,"Jacksonville, Florida","August 1, 2009","Harris, Alicia",USA,55,27,,,,82,7,FIGURE
2009 JACKSONVILLE PRO,"Jacksonville, Florida","August 1, 2009","Hernandez, Alana",USA,70,80,,,,150,16,FIGURE
2009 JACKSONVILLE PRO,"Jacksonville, Florida","August 1, 2009","Jarrett, Jacqui",New Zealand,80,80,,,,160,19,FIGURE
2009 JACKSONVILLE PRO,"Jacksonville, Florida","August 1, 2009","Lynn, Jenny",USA,10,15,,,,25,3,FIGURE
2009 JACKSONVILLE PRO,"Jacksonville, Florida","August 1, 2009","Marinelli, Amanda",USA,54,68,,,,122,13,FIGURE
2009 JACKSONVILLE PRO,"Jacksonville, Florida","August 1, 2009","Metrl, Petra",Czech Republic,24,62,,,,86,10,FIGURE
2009 JACKSONVILLE PRO,"Jacksonville, Florida","August 1, 2009","Mullarkey, Karen",USA,80,70,,,,150,15,FIGURE
2009 JACKSONVILLE PRO,"Jacksonville, Florida","August 1, 2009","Porter, Marcy",USA,43,41,,,,84,8,FIGURE
2009 JACKSONVILLE PRO,"Jacksonville, Florida","August 1, 2009","Putnam, Jessica",USA,6,5,,,,11,1,FIGURE
2009 JACKSONVILLE PRO,"Jacksonville, Florida","August 1, 2009","Simons, Sandra",Bermuda,80,80,,,,160,19,FIGURE
2009 JACKSONVILLE PRO,"Jacksonville, Florida","August 1, 2009","Stephers, Amy",USA,76,80,,,,156,17,FIGURE
2009 JACKSONVILLE PRO,"Jacksonville, Florida","August 1, 2009","Stern, Erin",USA,9,10,,,,19,2,FIGURE
2009 JACKSONVILLE PRO,"Jacksonville, Florida","August 1, 2009","Taylor-Gibson, Sabrina",USA,80,80,,,,160,19,FIGURE
2009 JACKSONVILLE PRO,"Jacksonville, Florida","August 1, 2009","Tewari, Siobhan",USA,46,20,,,,66,5,FIGURE
2009 JACKSONVILLE PRO,"Jacksonville, Florida","August 1, 2009","Theison, Michelle",USA,80,80,,,,160,19,FIGURE
2009 JACKSONVILLE PRO,"Jacksonville, Florida","August 1, 2009","Upson, Sue",USA,30,65,,,,95,11,FIGURE
2009 JACKSONVILLE PRO,"Jacksonville, Florida","August 1, 2009","Wallis, Julie (DJ)",USA,62,51,,,,113,12,FIGURE
2009 JACKSONVILLE PRO,"Jacksonville, Florida","August 1, 2009","Wood-Thomas, Tessa",USA,80,78,,,,158,18,FIGURE
2009 JACKSONVILLE PRO,"Jacksonville, Florida","August 1, 2009","Steele, Staring",USA,80,80,,,,160,19,FIGURE
2009 IFBB JACKSONVILLE PRO,"Jacksonville, Florida","August 1, 2009","Dixon, Charles",USA,36,20,,,,56,4,Men's Pro 202
2009 IFBB JACKSONVILLE PRO,"Jacksonville, Florida","August 1, 2009","Finocchiaro, Anthony",USA,118,53,,,,171,11,Men's Pro 202
2009 IFBB JACKSONVILLE PRO,"Jacksonville, Florida","August 1, 2009","Gee, Daryl",USA,20,10,10,,,40,2,Men's Pro 202
2009 IFBB JACKSONVILLE PRO,"Jacksonville, Florida","August 1, 2009","Huff, Roland",USA,124,63,,,,187,13,Men's Pro 202
2009 IFBB JACKSONVILLE PRO,"Jacksonville, Florida","August 1, 2009","Jackson, Tricky",USA,36,15,15,,,66,3,Men's Pro 202
2009 IFBB JACKSONVILLE PRO,"Jacksonville, Florida","August 1, 2009","Jean, Jocelyn",USA,102,43,,,,145,10,Men's Pro 202
2009 IFBB JACKSONVILLE PRO,"Jacksonville, Florida","August 1, 2009","Long, Jeffrey",USA,80,41,,,,121,8,Men's Pro 202
2009 IFBB JACKSONVILLE PRO,"Jacksonville, Florida","August 1, 2009","McQuay, Stan",USA,10,5,5,,,20,1,Men's Pro 202
2009 IFBB JACKSONVILLE PRO,"Jacksonville, Florida","August 1, 2009","Namat, Steve",Hungary,48,24,,,,73,5,Men's Pro 202
2009 IFBB JACKSONVILLE PRO,"Jacksonville, Florida","August 1, 2009","Putnam, Peter",USA,56,30,,,,86,6,Men's Pro 202
2009 IFBB JACKSONVILLE PRO,"Jacksonville, Florida","August 1, 2009","Richardson, Patrick",USA,90,55,,,,145,9,Men's Pro 202
2009 IFBB JACKSONVILLE PRO,"Jacksonville, Florida","August 1, 2009","Valentino, Mike",USA,70,35,,,,105,7,Men's Pro 202
2009 IFBB JACKSONVILLE PRO,"Jacksonville, Florida","August 1, 2009","Wonsley, Nathan",USA,116,57,,,,175,12,Men's Pro 202
2009 IFBB JACKSONVILLE PRO,"Jacksonville, Florida","August 1, 2009",,,,,,,,,,
2009 IFBB JACKSONVILLE PRO,"Jacksonville, Florida","August 1, 2009",,,,,,,,,,
2009 IFBB JACKSONVILLE PRO,"Jacksonville, Florida","August 1, 2009",,,,,,,,,,
2009 IFBB JACKSONVILLE PRO,"Jacksonville, Florida","August 1, 2009",,,,,,,,,,
2009 IFBB JACKSONVILLE PRO,"Jacksonville, Florida","August 1, 2009",,,,,,,,,,
2009 IFBB JACKSONVILLE PRO,"Jacksonville, Florida","August 1, 2009",,,,,,,,,,
2009 IFBB JACKSONVILLE PRO,"Jacksonville, Florida","August 1, 2009",,,,,,,,,,
2009 IFBB JACKSONVILLE PRO,"Jacksonville, Florida","August 1, 2009",,,,,,,,,,
2009 IFBB JACKSONVILLE PRO,"Jacksonville, Florida","August 1, 2009",,,,,,,,,,
2009 IFBB JACKSONVILLE PRO,"Jacksonville, Florida","August 1, 2009",,,,,,,,,,
2009 IFBB JACKSONVILLE PRO,"Jacksonville, Florida","August 1, 2009",,,,,,,,,,
2009 IFBB Tampa Pro Bodybuilding Weekly,"Tampa, Florida","August 8, 2009","Acker, Nicole",South Africa,136,,,,,136,14,Women's Bodybuilding
2009 IFBB Tampa Pro Bodybuilding Weekly,"Tampa, Florida","August 8, 2009","Anderson, Irene",Sweden,98,49,,,,147,10,Women's Bodybuilding
2009 IFBB Tampa Pro Bodybuilding Weekly,"Tampa, Florida","August 8, 2009","Bull, Nicole",Canada,32,19,19,,,70,4,Women's Bodybuilding
2009 IFBB Tampa Pro Bodybuilding Weekly,"Tampa, Florida","August 8, 2009","Bustamante, Myriam",Mexico,72,37,,,,109,7,Women's Bodybuilding
2009 IFBB Tampa Pro Bodybuilding Weekly,"Tampa, Florida","August 8, 2009","Chandler, Tina",USA,32,15,15,,,62,3,Women's Bodybuilding
2009 IFBB Tampa Pro Bodybuilding Weekly,"Tampa, Florida","August 8, 2009","DiRenzo, Beverly",USA,86,41,,,,127,8,Women's Bodybuilding
2009 IFBB Tampa Pro Bodybuilding Weekly,"Tampa, Florida","August 8, 2009","Frankie, Gale",USA,24,11,11,,,46,2,Women's Bodybuilding
2009 IFBB Tampa Pro Bodybuilding Weekly,"Tampa, Florida","August 8, 2009","Gomez, Elizabeth Meza",Mexico,150,,,,,150,15,Women's Bodybuilding
2009 IFBB Tampa Pro Bodybuilding Weekly,"Tampa, Florida","August 8, 2009","Grazajova, Aurelia",Slovakia,134,,,,,134,13,Women's Bodybuilding
2009 IFBB Tampa Pro Bodybuilding Weekly,"Tampa, Florida","August 8, 2009","Knight, Carmen",United Kingdom,92,44,,,,136,9,Women's Bodybuilding
2009 IFBB Tampa Pro Bodybuilding Weekly,"Tampa, Florida","August 8, 2009","Larson, Klaudia",Sweden,50,25,25,,,100,5,Women's Bodybuilding
2009 IFBB Tampa Pro Bodybuilding Weekly,"Tampa, Florida","August 8, 2009","Manios, Maryse",France,118,,,,,188,12,Women's Bodybuilding
2009 IFBB Tampa Pro Bodybuilding Weekly,"Tampa, Florida","August 8, 2009","Pariso, Betty",USA,12,5,5,,,22,1,Women's Bodybuilding
2009 IFBB Tampa Pro Bodybuilding Weekly,"Tampa, Florida","August 8, 2009","Salvagno, Angela",USA,60,30,,,,90,6,Women's Bodybuilding
2009 IFBB Tampa Pro Bodybuilding Weekly,"Tampa, Florida","August 8, 2009","Mackey, Tena",Bahamas,108,,,,,108,11,Women's Bodybuilding
2009 ATLANTIC CITY PRO/AM,"Atlantic City, New Jersey","September 12, 2009","Schlichter, Elissa",USA,80,80,,,,160,16,Women's Open Figure
2009 ATLANTIC CITY PRO/AM,"Atlantic City, New Jersey","September 12, 2009","Scott, Nicole",United Kingdom,80,73,,,,153,16,Women's Open Figure
2009 ATLANTIC CITY PRO/AM,"Atlantic City, New Jersey","September 12, 2009","Sutter, Laura",USA,80,80,,,,160,16,Women's Open Figure
2009 ATLANTIC CITY PRO/AM,"Atlantic City, New Jersey","September 12, 2009","Tieken, Mascha",Netherlands,80,80,,,,160,16,Women's Open Figure
2009 ATLANTIC CITY PRO/AM,"Atlantic City, New Jersey","September 12, 2009","Vanterpool, Rosalind",Barbados,80,32,,,,112,9,Women's Open Figure
2009 ATLANTIC CITY PRO/AM,"Atlantic City, New Jersey","September 12, 2009","Williams, Karen",Trinidad,80,80,,,,160,16,Women's Open Figure
2009 ATLANTIC CITY PRO/AM,"Atlantic City, New Jersey","September 12, 2009","Mayberry, Michele",USA,80,75,,,,155,16,Women's Open Figure
2009 ATLANTIC CITY PRO/AM,"Atlantic City, New Jersey","September 12, 2009","Upson, Sue",USA,80,78,,,,158,16,Women's Open Figure
2009 ATLANTIC CITY PRO/AM,"Atlantic City, New Jersey","September 12, 2009","Blanchard, Maggie",USA,75,72,,,,147,15,Women's Masters Figure
2009 ATLANTIC CITY PRO/AM,"Atlantic City, New Jersey","September 12, 2009","Bock, Susanne",Germany,62,56,,,,118,12,Women's Masters Figure
2009 ATLANTIC CITY PRO/AM,"Atlantic City, New Jersey","September 12, 2009","Briceno, Tivisay",USA,9,11,,,,20,2,Women's Masters Figure
2009 ATLANTIC CITY PRO/AM,"Atlantic City, New Jersey","September 12, 2009","Calland, Natalie",USA,73,80,,,,153,16,Women's Masters Figure
2009 ATLANTIC CITY PRO/AM,"Atlantic City, New Jersey","September 12, 2009","Carvalho, Andrea",Brazil,80,74,,,,154,16,Women's Masters Figure
2009 ATLANTIC CITY PRO/AM,"Atlantic City, New Jersey","September 12, 2009","Casoni, Cristiana",Italy,27,25,,,,52,5,Women's Masters Figure
2009 ATLANTIC CITY PRO/AM,"Atlantic City, New Jersey","September 12, 2009","DeJoya, Jennifer",USA,41,34,,,,75,7,Women's Masters Figure
2009 ATLANTIC CITY PRO/AM,"Atlantic City, New Jersey","September 12, 2009","Frabbiele, Melissa",USA,18,20,,,,38,3,Women's Masters Figure
2009 ATLANTIC CITY PRO/AM,"Atlantic City, New Jersey","September 12, 2009","Gangi, Valerie",USA,80,80,,,,160,16,Women's Masters Figure
2009 ATLANTIC CITY PRO/AM,"Atlantic City, New Jersey","September 12, 2009","Gardner, Brandie",USA,67,44,,,,111,11,Women's Masters Figure
2009 ATLANTIC CITY PRO/AM,"Atlantic City, New Jersey","September 12, 2009","Halikka, Lisbeth",Finland,80,80,,,,160,16,Women's Masters Figure
2009 ATLANTIC CITY PRO/AM,"Atlantic City, New Jersey","September 12, 2009","Haskell, Lydia",USA,80,80,,,,160,16,Women's Masters Figure
2009 ATLANTIC CITY PRO/AM,"Atlantic City, New Jersey","September 12, 2009","Jimenez, Ines",Costa Rica,69,58,,,,127,13,Women's Masters Figure
2009 ATLANTIC CITY PRO/AM,"Atlantic City, New Jersey","September 12, 2009","Lewis, Cheri",USA,80,80,,,,160,16,Women's Masters Figure
2009 ATLANTIC CITY PRO/AM,"Atlantic City, New Jersey","September 12, 2009","Mertl, Petra",Czech Republic,31,44,,,,75,8,Women's Masters Figure
2009 ATLANTIC CITY PRO/AM,"Atlantic City, New Jersey","September 12, 2009","Meteraud, Shannon",USA,7,5,,,,12,1,Women's Masters Figure
2009 ATLANTIC CITY PRO/AM,"Atlantic City, New Jersey","September 12, 2009","Newman, Marie Ann",USA,25,21,,,,46,4,Women's Masters Figure
2009 ATLANTIC CITY PRO/AM,"Atlantic City, New Jersey","September 12, 2009","Reed, Lisa",USA,80,80,,,,160,16,Women's Masters Figure
2009 ATLANTIC CITY PRO/AM,"Atlantic City, New Jersey","September 12, 2009","Ripert, Marie Pierre",France,80,80,,,,160,16,Women's Masters Figure
2009 ATLANTIC CITY PRO/AM,"Atlantic City, New Jersey","September 12, 2009","Schlichter, Elissa",USA,53,55,,,,108,9,Women's Masters Figure
2009 ATLANTIC CITY PRO/AM,"Atlantic City, New Jersey","September 12, 2009","Sutter, Laura",USA,51,78,,,,129,14,Women's Masters Figure
2009 ATLANTIC CITY PRO/AM,"Atlantic City, New Jersey","September 12, 2009","Tieken, Mascha",Netherlands,80,80,,,,160,16,Women's Masters Figure
2009 ATLANTIC CITY PRO/AM,"Atlantic City, New Jersey","September 12, 2009","Vanterpool, Rosalind",Barbados,28,28,,,,56,6,Women's Masters Figure
2009 ATLANTIC CITY PRO/AM,"Atlantic City, New Jersey","September 12, 2009","Williams, Karen",Trinidad,80,80,,,,160,16,Women's Masters Figure
2009 ATLANTIC CITY PRO/AM,"Atlantic City, New Jersey","September 12, 2009","Mayberry, Michele",USA,52,58,,,,110,10,Women's Masters Figure
2009 ATLANTIC CITY PRO/AM,"Atlantic City, New Jersey","September 12, 2009","Blanchard, Maggie",USA,80,71,,,,151,15,Women's Open Figure
2009 ATLANTIC CITY PRO/AM,"Atlantic City, New Jersey","September 12, 2009","Bloomfield, Tinamarie",USA,80,80,,,,160,16,Women's Open Figure
2009 ATLANTIC CITY PRO/AM,"Atlantic City, New Jersey","September 12, 2009","Bock, Susanne",Germany,77,74,,,,151,16,Women's Open Figure
2009 ATLANTIC CITY PRO/AM,"Atlantic City, New Jersey","September 12, 2009","Briceno, Tivisay",USA,25,25,,,,50,5,Women's Open Figure
2009 ATLANTIC CITY PRO/AM,"Atlantic City, New Jersey","September 12, 2009","Brown, Darlina",USA,79,78,,,,157,16,Women's Open Figure
2009 ATLANTIC CITY PRO/AM,"Atlantic City, New Jersey","September 12, 2009","Carvalho, Andrea",Brazil,80,80,,,,160,16,Women's Open Figure
2009 ATLANTIC CITY PRO/AM,"Atlantic City, New Jersey","September 12, 2009","Casoni, Cristiana",Italy,48,41,,,,89,7,Women's Open Figure
2009 ATLANTIC CITY PRO/AM,"Atlantic City, New Jersey","September 12, 2009","Clay, Jessica",USA,65,76,,,,141,14,Women's Open Figure
2009 ATLANTIC CITY PRO/AM,"Atlantic City, New Jersey","September 12, 2009","DeJoy, Jennifer",USA,71,60,,,,131,10,Women's Open Figure
2009 ATLANTIC CITY PRO/AM,"Atlantic City, New Jersey","September 12, 2009","Gangi, Valerie",USA,80,80,,,,160,16,Women's Open Figure
2009 ATLANTIC CITY PRO/AM,"Atlantic City, New Jersey","September 12, 2009","Halikka, Lisbeth",Finland,80,80,,,,160,16,Women's Open Figure
2009 ATLANTIC CITY PRO/AM,"Atlantic City, New Jersey","September 12, 2009","Harris, Alicia Renee",USA,12,14,,,,26,3,Women's Open Figure
2009 ATLANTIC CITY PRO/AM,"Atlantic City, New Jersey","September 12, 2009","Hart, Aleisha",Canada,80,80,,,,160,16,Women's Open Figure
2009 ATLANTIC CITY PRO/AM,"Atlantic City, New Jersey","September 12, 2009","Jimenez, Ines",Costa Rica,71,61,,,,132,13,Women's Open Figure
2009 ATLANTIC CITY PRO/AM,"Atlantic City, New Jersey","September 12, 2009","John, Candice",Trinidad,55,76,,,,131,11,Women's Open Figure
2009 ATLANTIC CITY PRO/AM,"Atlantic City, New Jersey","September 12, 2009","Lewis, Cheri",USA,80,80,,,,160,16,Women's Open Figure
2009 ATLANTIC CITY PRO/AM,"Atlantic City, New Jersey","September 12, 2009","Mello, Patricia",Brazil,80,80,,,,160,16,Women's Open Figure
2009 ATLANTIC CITY PRO/AM,"Atlantic City, New Jersey","September 12, 2009","Mertl, Petra",Czech Republic,49,46,,,,95,8,Women's Open Figure
2009 ATLANTIC CITY PRO/AM,"Atlantic City, New Jersey","September 12, 2009","Meteraud, Shannon",USA,17,18,,,,35,4,Women's Open Figure
2009 ATLANTIC CITY PRO/AM,"Atlantic City, New Jersey","September 12, 2009","Newman, Marie Ann",USA,30,40,,,,70,6,Women's Open Figure
2009 ATLANTIC CITY PRO/AM,"Atlantic City, New Jersey","September 12, 2009","Porter, Marcy",USA,73,59,,,,132,12,Women's Open Figure
2009 ATLANTIC CITY PRO/AM,"Atlantic City, New Jersey","September 12, 2009","Reed, Lisa",USA,80,80,,,,160,16,Women's Open Figure
2009 ATLANTIC CITY PRO/AM,"Atlantic City, New Jersey","September 12, 2009","Reis, Larissa",Brazil,9,8,,,,17,1,Women's Open Figure
2009 ATLANTIC CITY PRO/AM,"Atlantic City, New Jersey","September 12, 2009","Ripert, Marie Pierre",France,80,80,,,,160,16,Women's Open Figure
2009 ATLANTIC CITY PRO/AM,"Atlantic City, New Jersey","September 12, 2009","Roy, Sherlyn",USA,12,10,,,,22,2,Women's Open Figure
2009 Atlantic City Pro/Am,"Atlantic City, New Jersey","September 12, 2009","Burkhardt, Tonya",USA,32,23,36,34,,125,7,Women's Fitness
2009 Atlantic City Pro/Am,"Atlantic City, New Jersey","September 12, 2009","Duncan, Nicole",USA,31,32,7,12,,82,4,Women's Fitness
2009 Atlantic City Pro/Am,"Atlantic City, New Jersey","September 12, 2009","Greenwood, Tracey",USA,6,6,16,16,,44,1,Women's Fitness
2009 Atlantic City Pro/Am,"Atlantic City, New Jersey","September 12, 2009","Holley, Marnie",Canada,45,46,32,23,,146,8,Women's Fitness
2009 Atlantic City Pro/Am,"Atlantic City, New Jersey","September 12, 2009","Jackson, Laticia",USA,19,26,33,29,,107,5,Women's Fitness
2009 Atlantic City Pro/Am,"Atlantic City, New Jersey","September 12, 2009","Johnson, Safiya",USA,46,48,39,43,,176,10,Women's Fitness
2009 Atlantic City Pro/Am,"Atlantic City, New Jersey","September 12, 2009","Johnson, Tanji",USA,13,15,18,5,,51,2,Women's Fitness
2009 Atlantic City Pro/Am,"Atlantic City, New Jersey","September 12, 2009","Vaines, Kizzy",United Kingdom,27,30,28,39,,124,6,Women's Fitness
2009 Atlantic City Pro/Am,"Atlantic City, New Jersey","September 12, 2009","Wagner, Bethany",USA,12,9,19,34,,74,3,Women's Fitness
2009 Atlantic City Pro/Am,"Atlantic City, New Jersey","September 12, 2009","Ethier, Allison",Canada,44,40,47,38,,169,9,Women's Fitness
2009 Atlantic City Pro/Am,"Atlantic City, New Jersey","September 12, 2009","Ahmad, Ahmad",Sweden,88,40,,,,128,8,Men's Pro 202
2009 Atlantic City Pro/Am,"Atlantic City, New Jersey","September 12, 2009","Arevalo, Pablo",Peru,98,55,,,,153,10,Men's Pro 202
2009 Atlantic City Pro/Am,"Atlantic City, New Jersey","September 12, 2009","Barron-Cuyos, Pedro",Mexico,52,25,25,,,102,5,Men's Pro 202
2009 Atlantic City Pro/Am,"Atlantic City, New Jersey","September 12, 2009","Belisle, Robert",Canada,144,67,,,,211,13,Men's Pro 202
2009 Atlantic City Pro/Am,"Atlantic City, New Jersey","September 12, 2009","Bryant, Curtis",USA,62,34,,,,96,7,Men's Pro 202
2009 Atlantic City Pro/Am,"Atlantic City, New Jersey","September 12, 2009","Chayard, Marcel",France,110,55,,,,165,12,Men's Pro 202
2009 Atlantic City Pro/Am,"Atlantic City, New Jersey","September 12, 2009","Devis, Clarence",Belgium,36,15,15,,,66,3,Men's Pro 202
2009 Atlantic City Pro/Am,"Atlantic City, New Jersey","September 12, 2009","Dinetta, Andy",USA,158,,,,,158,16,Men's Pro 202
2009 Atlantic City Pro/Am,"Atlantic City, New Jersey","September 12, 2009","Farnsworth, Derik",USA,152,,,,,152,16,Men's Pro 202
2009 Atlantic City Pro/Am,"Atlantic City, New Jersey","September 12, 2009","Filippone, Carlo",USA,144,70,,,,214,14,Men's Pro 202
2009 Atlantic City Pro/Am,"Atlantic City, New Jersey","September 12, 2009","Hampton, James",USA,160,,,,,160,16,Men's Pro 202
2009 Atlantic City Pro/Am,"Atlantic City, New Jersey","September 12, 2009","Hunt, Lawrence",USA,64,30,,,,94,6,Men's Pro 202
2009 Atlantic City Pro/Am,"Atlantic City, New Jersey","September 12, 2009","Ketchens, Rod",USA,96,46,,,,142,9,Men's Pro 202
2009 Atlantic City Pro/Am,"Atlantic City, New Jersey","September 12, 2009","Lewis, James Flex",United Kingdom,14,5,5,,,24,1,Men's Pro 202
2009 Atlantic City Pro/Am,"Atlantic City, New Jersey","September 12, 2009","Long, Jeffrey",USA,36,20,20,,,76,4,Men's Pro 202
2009 Atlantic City Pro/Am,"Atlantic City, New Jersey","September 12, 2009","Marinelli, Dave",USA,144,72,,,,216,15,Men's Pro 202
2009 Atlantic City Pro/Am,"Atlantic City, New Jersey","September 12, 2009","Martin, Tim",USA,108,53,,,,161,11,Men's Pro 202
2009 Atlantic City Pro/Am,"Atlantic City, New Jersey","September 12, 2009","Martinez, Javier",Canada,160,,,,,160,16,Men's Pro 202
2009 Atlantic City Pro/Am,"Atlantic City, New Jersey","September 12, 2009","Raymond, Jose",USA,16,10,10,,,36,2,Men's Pro 202
2009 Atlantic City Pro/Am,"Atlantic City, New Jersey","September 12, 2009","Solis Torres, Mauricio",USA,160,,,,,160,16,Men's Pro 202
2009 Atlantic City Pro/Am,"Atlantic City, New Jersey","September 12, 2009","Desinaruis, Alain",Canada,158,,,,,158,16,Men's Pro 202
2009 IFBB ATLANTIC CITY PRO/AM,"Atlantic City, New Jersey","September 12, 2009","Almohsinawi, Khalid",Netherlands,66,36,,,,102,7,Men's Open
2009 IFBB ATLANTIC CITY PRO/AM,"Atlantic City, New Jersey","September 12, 2009","Alves, Troy",USA,26,18,14,,,58,3,Men's Open
2009 IFBB ATLANTIC CITY PRO/AM,"Atlantic City, New Jersey","September 12, 2009","Anthony, Melvin",USA,32,16,18,,,66,4,Men's Open
2009 IFBB ATLANTIC CITY PRO/AM,"Atlantic City, New Jersey","September 12, 2009","Apperson, Lee",USA,160,,,,,160,16,Men's Open
2009 IFBB ATLANTIC CITY PRO/AM,"Atlantic City, New Jersey","September 12, 2009","Badell, Gustavo",USA,16,5,5,,,26,1,Men's Open
2009 IFBB ATLANTIC CITY PRO/AM,"Atlantic City, New Jersey","September 12, 2009","Barrios-Sanchez, Jorge",Spain,160,,,,,160,16,Men's Open
2009 IFBB ATLANTIC CITY PRO/AM,"Atlantic City, New Jersey","September 12, 2009","Chacon, Marcos",Spain,122,54,,,,176,11,Men's Open
2009 IFBB ATLANTIC CITY PRO/AM,"Atlantic City, New Jersey","September 12, 2009","Cohen, Simon",United Kingdom,160,,,,,160,16,Men's Open
2009 IFBB ATLANTIC CITY PRO/AM,"Atlantic City, New Jersey","September 12, 2009","Dexter, Oscar",Tahiti,88,45,,,,133,9,Men's Open
2009 IFBB ATLANTIC CITY PRO/AM,"Atlantic City, New Jersey","September 12, 2009","Ingram, Leo Jr",USA,60,25,25,,,110,5,Men's Open
2009 IFBB ATLANTIC CITY PRO/AM,"Atlantic City, New Jersey","September 12, 2009","Karadjuzovic, Emro",Yugoslavia,160,,,,,160,16,Men's Open
2009 IFBB ATLANTIC CITY PRO/AM,"Atlantic City, New Jersey","September 12, 2009","Karamanlakis, Emmanouil",Greece,132,61,,,,193,14,Men's Open
2009 IFBB ATLANTIC CITY PRO/AM,"Atlantic City, New Jersey","September 12, 2009","Lavoie, Marc",Canada,116,65,,,,181,13,Men's Open
2009 IFBB ATLANTIC CITY PRO/AM,"Atlantic City, New Jersey","September 12, 2009","Lytle, Daron",USA,148,75,,,,223,15,Men's Open
2009 IFBB ATLANTIC CITY PRO/AM,"Atlantic City, New Jersey","September 12, 2009","Niforo, JoJo",USA,160,,,,,160,16,Men's Open
2009 IFBB ATLANTIC CITY PRO/AM,"Atlantic City, New Jersey","September 12, 2009","Pelletier, Jocelyn",Canada,160,,,,,160,16,Men's Open
2009 IFBB ATLANTIC CITY PRO/AM,"Atlantic City, New Jersey","September 12, 2009","Piotrkowicz, Robert",Poland,62,34,,,,96,6,Men's Open
2009 IFBB ATLANTIC CITY PRO/AM,"Atlantic City, New Jersey","September 12, 2009","Richardson, Craig",USA,74,35,,,,109,8,Men's Open
2009 IFBB ATLANTIC CITY PRO/AM,"Atlantic City, New Jersey","September 12, 2009","Sauvage, Frederic",France,116,63,,,,179,12,Men's Open
2009 IFBB ATLANTIC CITY PRO/AM,"Atlantic City, New Jersey","September 12, 2009","Seccarecci, Daniele",Italy,118,56,,,,174,10,Men's Open
2009 IFBB ATLANTIC CITY PRO/AM,"Atlantic City, New Jersey","September 12, 2009","Yamagishi, Hidetada",Japan,24,11,11,,,46,2,Men's Open
2009 IFBB ATLANTIC CITY PRO/AM,"Atlantic City, New Jersey","September 12, 2009","Aukland, Lisa",USA,10,10,5,,,25,1,Women's Bodybuilding
2009 IFBB ATLANTIC CITY PRO/AM,"Atlantic City, New Jersey","September 12, 2009","Ball, Nicole",Canada,30,17,16,,,63,3,Women's Bodybuilding
2009 IFBB ATLANTIC CITY PRO/AM,"Atlantic City, New Jersey","September 12, 2009","Caputo, Giusy",Italy,140,69,,,,209,14,Women's Bodybuilding
2009 IFBB ATLANTIC CITY PRO/AM,"Atlantic City, New Jersey","September 12, 2009","DiRenzo, Beverly",USA,102,36,,,,138,10,Women's Bodybuilding
2009 IFBB ATLANTIC CITY PRO/AM,"Atlantic City, New Jersey","September 12, 2009","Floyd, Cassandra",USA,158,,,,,158,16,Women's Bodybuilding
2009 IFBB ATLANTIC CITY PRO/AM,"Atlantic City, New Jersey","September 12, 2009","Gomez Segura, Maria del Carmen",Mexico,160,,,,,160,16,Women's Bodybuilding
2009 IFBB ATLANTIC CITY PRO/AM,"Atlantic City, New Jersey","September 12, 2009","Grozajova, Aurelia",Slovakia,158,,,,,158,16,Women's Bodybuilding
2009 IFBB ATLANTIC CITY PRO/AM,"Atlantic City, New Jersey","September 12, 2009","Hawkins, Kristy",USA,20,6,10,,,36,2,Women's Bodybuilding
2009 IFBB ATLANTIC CITY PRO/AM,"Atlantic City, New Jersey","September 12, 2009","Jerumbo, Mary Ellen",USA,160,,,,,160,16,Women's Bodybuilding
2009 IFBB ATLANTIC CITY PRO/AM,"Atlantic City, New Jersey","September 12, 2009","Larson, Klaudia",Sweden,50,25,25,,,100,5,Women's Bodybuilding
2009 IFBB ATLANTIC CITY PRO/AM,"Atlantic City, New Jersey","September 12, 2009","Lewis, Nancy",USA,94,58,,,,152,11,Women's Bodybuilding
2009 IFBB ATLANTIC CITY PRO/AM,"Atlantic City, New Jersey","September 12, 2009","Lopez, Benincia",USA,76,36,,,,112,6,Women's Bodybuilding
2009 IFBB ATLANTIC CITY PRO/AM,"Atlantic City, New Jersey","September 12, 2009","McCready, Wendy",England,156,75,,,,231,15,Women's Bodybuilding
2009 IFBB ATLANTIC CITY PRO/AM,"Atlantic City, New Jersey","September 12, 2009","Mendoza, Mah-Ann",USA,86,49,,,,135,9,Women's Bodybuilding
2009 IFBB ATLANTIC CITY PRO/AM,"Atlantic City, New Jersey","September 12, 2009","Meza Gomez, Elizabeth",Mexico,160,,,,,160,16,Women's Bodybuilding
2009 IFBB ATLANTIC CITY PRO/AM,"Atlantic City, New Jersey","September 12, 2009","Moher, Gayle",USA,72,43,,,,115,7,Women's Bodybuilding
2009 IFBB ATLANTIC CITY PRO/AM,"Atlantic City, New Jersey","September 12, 2009","Ottenad, Lora",USA,122,58,,,,180,12,Women's Bodybuilding
2009 IFBB ATLANTIC CITY PRO/AM,"Atlantic City, New Jersey","September 12, 2009","Rae, Rita",USA,156,,,,,156,16,Women's Bodybuilding
2009 IFBB ATLANTIC CITY PRO/AM,"Atlantic City, New Jersey","September 12, 2009","Raganot, Brenda",USA,38,17,18,,,73,4,Women's Bodybuilding
2009 IFBB ATLANTIC CITY PRO/AM,"Atlantic City, New Jersey","September 12, 2009","Sedia, Jennifer",USA,80,40,,,,120,8,Women's Bodybuilding
2009 IFBB ATLANTIC CITY PRO/AM,"Atlantic City, New Jersey","September 12, 2009","Siganakis, Athena",Canada,136,66,,,,202,13,Women's Bodybuilding
2009 IFBB ATLANTIC CITY PRO/AM,"Atlantic City, New Jersey","September 12, 2009",,,,,,,,,,
2009 IFBB ATLANTIC CITY PRO/AM,"Atlantic City, New Jersey","September 12, 2009",,,,,,,,,,
2009 IFBB ATLANTIC CITY PRO/AM,"Atlantic City, New Jersey","September 12, 2009",,,,,,,,,,
2009 IFBB ATLANTIC CITY PRO/AM,"Atlantic City, New Jersey","September 12, 2009",,,,,,,,,,
2009 Olympia,"Las Vegas, Nevada, USA","September 25, 2009","Capes, Myriam",Canada,34,34,39,31,,138,6,Fitness
2009 Olympia,"Las Vegas, Nevada, USA","September 25, 2009","Da Silva, Regaine",Germany,51,48,40,27,,166,9,Fitness
2009 Olympia,"Las Vegas, Nevada, USA","September 25, 2009","Duncan, Nicole",USA,50,54,19,26,,149,8,Fitness
2009 Olympia,"Las Vegas, Nevada, USA","September 25, 2009","Durkin, Tina",USA,23,21,43,26,,113,5,Fitness
2009 Olympia,"Las Vegas, Nevada, USA","September 25, 2009","Garcia, Adela",USA,5,5,12,7,,29,1,Fitness
2009 Olympia,"Las Vegas, Nevada, USA","September 25, 2009","Greenwood, Tracey",USA,10,13,23,20,,66,3,Fitness
2009 Olympia,"Las Vegas, Nevada, USA","September 25, 2009","Johnson, Tanji",USA,15,12,9,10,,46,2,Fitness
2009 Olympia,"Las Vegas, Nevada, USA","September 25, 2009","Meteraud, Shannon",USA,32,32,40,42,,146,7,Fitness
2009 Olympia,"Las Vegas, Nevada, USA","September 25, 2009","O'Brien, Mindi",Canada,50,48,30,55,,183,11,Fitness
2009 Olympia,"Las Vegas, Nevada, USA","September 25, 2009","Palmer, Julie",USA,20,22,26,38,,106,4,Fitness
2009 Olympia,"Las Vegas, Nevada, USA","September 25, 2009","Warren, Trish",USA,40,40,49,45,,174,10,Fitness
2009 OLYMPIA,"Las Vegas, Nevada, USA","September 26, 2009","Arntz, Jason",USA,38,41,,,,79,8,202
2009 OLYMPIA,"Las Vegas, Nevada, USA","September 26, 2009","Da Silva, Eduardo Correa",Brazil,15,18,12,,,45,3,202
2009 OLYMPIA,"Las Vegas, Nevada, USA","September 26, 2009","Devis, Clarence",Belgium,65,64,,,,129,13,202
2009 OLYMPIA,"Las Vegas, Nevada, USA","September 26, 2009","Dim, Kris",USA,62,62,,,,124,12,202
2009 OLYMPIA,"Las Vegas, Nevada, USA","September 26, 2009","Dixon, Charles",USA,51,52,,,,103,11,202
2009 OLYMPIA,"Las Vegas, Nevada, USA","September 26, 2009","Dugdale, Mark",USA,21,20,18,,,59,4,202
2009 OLYMPIA,"Las Vegas, Nevada, USA","September 26, 2009","English, Kevin",USA,5,5,5,,,15,1,202
2009 OLYMPIA,"Las Vegas, Nevada, USA","September 26, 2009","Gee, Daryl",USA,72,72,,,,144,15,202
2009 OLYMPIA,"Las Vegas, Nevada, USA","September 26, 2009","Henry, David",USA,10,10,8,,,28,2,202
2009 OLYMPIA,"Las Vegas, Nevada, USA","September 26, 2009","Hodgson, John",United Kingdom,51,48,,,,99,10,202
2009 OLYMPIA,"Las Vegas, Nevada, USA","September 26, 2009","Jackson, Tricky",USA,36,36,,,,72,7,202
2009 OLYMPIA,"Las Vegas, Nevada, USA","September 26, 2009","Lewis, James ""FLEX""",United Kingdom,23,23,20,,,66,5,202
2009 OLYMPIA,"Las Vegas, Nevada, USA","September 26, 2009","McQuay, Stan",USA,72,69,,,,141,14,202
2009 OLYMPIA,"Las Vegas, Nevada, USA","September 26, 2009","Powell, Lee",United Kingdom,46,47,,,,93,9,202
2009 OLYMPIA,"Las Vegas, Nevada, USA","September 26, 2009","Raymond, Jose",USA,33,33,,,,66,6,202
2009 Olympia,"Las Vegas, Nevada, USA","September 26, 2009","Warren, Branch",USA,16,16,14,,,46,2,Men's Bodybuilding
2009 Olympia,"Las Vegas, Nevada, USA","September 26, 2009","Alves, Troy",USA,80,,,,,80,16,Men's Bodybuilding
2009 Olympia,"Las Vegas, Nevada, USA","September 26, 2009","Yamagishi, Hidetada",Japan,45,57,,,,102,9,Men's Bodybuilding
2009 Olympia,"Las Vegas, Nevada, USA","September 26, 2009","Martinez, Victor",Dominican Republic,30,30,30,,,90,6,Men's Bodybuilding
2009 Olympia,"Las Vegas, Nevada, USA","September 26, 2009","Anthony, Melvin",USA,60,44,,,,104,11,Men's Bodybuilding
2009 Olympia,"Las Vegas, Nevada, USA","September 26, 2009","Charles, Darrem",Trinidad,80,,,,,80,16,Men's Bodybuilding
2009 Olympia,"Las Vegas, Nevada, USA","September 26, 2009","Rockel, Ronny",Germany,35,43,,,,78,7,Men's Bodybuilding
2009 Olympia,"Las Vegas, Nevada, USA","September 26, 2009","Ruhl, Markus",Germany,63,72,,,,135,15,Men's Bodybuilding
2009 Olympia,"Las Vegas, Nevada, USA","September 26, 2009","Greene, Kai",USA,13,19,22,,,54,4,Men's Bodybuilding
2009 Olympia,"Las Vegas, Nevada, USA","September 26, 2009","Kjellstrom, Martin",Sweden,80,,,,,80,16,Men's Bodybuilding
2009 Olympia,"Las Vegas, Nevada, USA","September 26, 2009","Wilmore, Bill",USA,80,,,,,80,16,Men's Bodybuilding
2009 Olympia,"Las Vegas, Nevada, USA","September 26, 2009","Cutler, Jay",USA,5,5,5,,,15,1,Men's Bodybuilding
2009 Olympia,"Las Vegas, Nevada, USA","September 26, 2009","Wolf, Dennis",Germany,74,,,,,74,16,Men's Bodybuilding
2009 Olympia,"Las Vegas, Nevada, USA","September 26, 2009","James, Dennis",Germany,61,71,,,,132,14,Men's Bodybuilding
2009 Olympia,"Las Vegas, Nevada, USA","September 26, 2009","Stubbs, Joel",Bahamas,80,,,,,80,16,Men's Bodybuilding
2009 Olympia,"Las Vegas, Nevada, USA","September 26, 2009","Freeman, Toney",USA,38,42,,,,80,8,Men's Bodybuilding
2009 Olympia,"Las Vegas, Nevada, USA","September 26, 2009","Elmoussawi, Moe",New Zealand,51,52,,,,103,10,Men's Bodybuilding
2009 Olympia,"Las Vegas, Nevada, USA","September 26, 2009","Samuel, Silvio",Spain,49,55,,,,104,11,Men's Bodybuilding
2009 Olympia,"Las Vegas, Nevada, USA","September 26, 2009","Heath, Phil",USA,24,17,14,,,55,5,Men's Bodybuilding
2009 Olympia,"Las Vegas, Nevada, USA","September 26, 2009","Badell, Gustavo",Puerto Rico,53,59,,,,112,13,Men's Bodybuilding
2009 Olympia,"Las Vegas, Nevada, USA","September 26, 2009","Kefalianos, Michael",Australia,80,,,,,80,16,Men's Bodybuilding
2009 Olympia,"Las Vegas, Nevada, USA","September 26, 2009","Haidar, Ahmad",Lebanon,80,,,,,80,16,Men's Bodybuilding
2009 Olympia,"Las Vegas, Nevada, USA","September 26, 2009","Jackson, Dexter",USA,10,18,19,,,47,3,Men's Bodybuilding
2009 Olympia,"Las Vegas, Nevada, USA","September 25, 2009","Armbrust, Heather",USA,10,10,10,,,30,2,Women's Bodybuilding
2009 Olympia,"Las Vegas, Nevada, USA","September 25, 2009","Aukland, Lisa",USA,18,17,16,,,51,4,Women's Bodybuilding
2009 Olympia,"Las Vegas, Nevada, USA","September 25, 2009","Ball, Nicole",Canada,58,48,,,,106,12,Women's Bodybuilding
2009 Olympia,"Las Vegas, Nevada, USA","September 25, 2009","Cadeau, Dayana",Canada,40,32,,,,72,8,Women's Bodybuilding
2009 Olympia,"Las Vegas, Nevada, USA","September 25, 2009","Chandler, Tina",USA,54,50,,,,104,10,Women's Bodybuilding
2009 Olympia,"Las Vegas, Nevada, USA","September 25, 2009","Frankie, Gale",USA,62,59,,,,121,13,Women's Bodybuilding
2009 Olympia,"Las Vegas, Nevada, USA","September 25, 2009","Hawkins, Kristy",USA,35,35,,,,70,7,Women's Bodybuilding
2009 Olympia,"Las Vegas, Nevada, USA","September 25, 2009","Jennings, Rosemary",USA,53,53,,,,106,11,Women's Bodybuilding
2009 Olympia,"Las Vegas, Nevada, USA","September 25, 2009","Kyle, Iris",USA,5,5,5,,,15,1,Women's Bodybuilding
2009 Olympia,"Las Vegas, Nevada, USA","September 25, 2009","Laszewski, Debbie",USA,18,15,15,,,48,3,Women's Bodybuilding
2009 Olympia,"Las Vegas, Nevada, USA","September 25, 2009","Oriquen-Garcia, Yaxeni",Venezuela,25,24,23,,,72,5,Women's Bodybuilding
2009 Olympia,"Las Vegas, Nevada, USA","September 25, 2009","Pariso, Betty",USA,30,29,27,,,86,6,Women's Bodybuilding
2009 Olympia,"Las Vegas, Nevada, USA","September 25, 2009","Viana-Adkins, Betty",Venezuela,45,41,,,,86,9,Women's Bodybuilding
2009 IFBB FORT LAUDERDALE PRO,"Fort Lauderdale, Florida","October 10, 2009","Briceno, Trivisay",USA,49,47,,,,96,9,FIGURE
2009 IFBB FORT LAUDERDALE PRO,"Fort Lauderdale, Florida","October 10, 2009","Brown, Cheryl",USA,30,26,,,,56,5,FIGURE
2009 IFBB FORT LAUDERDALE PRO,"Fort Lauderdale, Florida","October 10, 2009","Gardner, Brandie",USA,45,78,,,,123,12,FIGURE
2009 IFBB FORT LAUDERDALE PRO,"Fort Lauderdale, Florida","October 10, 2009","Green, Heather",USA,73,70,,,,143,15,FIGURE
2009 IFBB FORT LAUDERDALE PRO,"Fort Lauderdale, Florida","October 10, 2009","Hart, Aleisha",Canada,78,79,,,,157,17,FIGURE
2009 IFBB FORT LAUDERDALE PRO,"Fort Lauderdale, Florida","October 10, 2009","Jones-Williams, Allison",USA,30,29,,,,59,6,FIGURE
2009 IFBB FORT LAUDERDALE PRO,"Fort Lauderdale, Florida","October 10, 2009","Keene, Candice",USA,21,20,,,,41,4,FIGURE
2009 IFBB FORT LAUDERDALE PRO,"Fort Lauderdale, Florida","October 10, 2009","Level, Anna",USA,80,80,,,,160,19,FIGURE
2009 IFBB FORT LAUDERDALE PRO,"Fort Lauderdale, Florida","October 10, 2009","Merti, Petra",Czech Republic,78,73,,,,151,16,FIGURE
2009 IFBB FORT LAUDERDALE PRO,"Fort Lauderdale, Florida","October 10, 2009","Newman, Marie Ann",USA,53,40,,,,93,8,FIGURE
2009 IFBB FORT LAUDERDALE PRO,"Fort Lauderdale, Florida","October 10, 2009","Nunn, Kristin",USA,57,61,,,,118,11,FIGURE
2009 IFBB FORT LAUDERDALE PRO,"Fort Lauderdale, Florida","October 10, 2009","Porter, Marcy",USA,79,80,,,,159,18,FIGURE
2009 IFBB FORT LAUDERDALE PRO,"Fort Lauderdale, Florida","October 10, 2009","Richardson, Kristal",USA,7,7,,,,14,1,FIGURE
2009 IFBB FORT LAUDERDALE PRO,"Fort Lauderdale, Florida","October 10, 2009","Romero, Rosa-Maria",Australia,31,35,,,,66,7,FIGURE
2009 IFBB FORT LAUDERDALE PRO,"Fort Lauderdale, Florida","October 10, 2009","Sharp, Cynthia",USA,80,80,,,,160,19,FIGURE
2009 IFBB FORT LAUDERDALE PRO,"Fort Lauderdale, Florida","October 10, 2009","Slone, Chastity",USA,63,61,,,,124,13,FIGURE
2009 IFBB FORT LAUDERDALE PRO,"Fort Lauderdale, Florida","October 10, 2009","Stern, Erin",USA,8,8,,,,16,2,FIGURE
2009 IFBB FORT LAUDERDALE PRO,"Fort Lauderdale, Florida","October 10, 2009","Strobo, Gennifer",USA,15,16,,,,31,3,FIGURE
2009 IFBB FORT LAUDERDALE PRO,"Fort Lauderdale, Florida","October 10, 2009","Theison, Michelle",USA,80,80,,,,160,19,FIGURE
2009 IFBB FORT LAUDERDALE PRO,"Fort Lauderdale, Florida","October 10, 2009","Vanterpool, Rosalind",Barbados,48,51,,,,99,10,FIGURE
2009 IFBB FORT LAUDERDALE PRO,"Fort Lauderdale, Florida","October 10, 2009","Waples, Natalie",Canada,75,56,,,,131,14,FIGURE
2009 IFBB FORT LAUDERDALE PRO,"Fort Lauderdale, Florida","October 10, 2009","Williams, Karen",Trinidad,80,80,,,,160,19,FIGURE
2009 IFBB FORT LAUDERDALE PRO,"Fort Lauderdale, Florida","October 10, 2009","Wood-Thomes, Tessa",USA,80,80,,,,160,19,FIGURE
2009 IFBB FORT LAUDERDALE PRO,"Fort Lauderdale, Florida","October 10, 2009","Hernandez, Aliana",USA,80,80,,,,160,19,FIGURE
2009 IFBB FORT LAUDERDALE PRO,"Fort Lauderdale, Florida","October 10, 2009","Balarezo, Nicole",USA,49,38,,,,87,8,FITNESS
2009 IFBB FORT LAUDERDALE PRO,"Fort Lauderdale, Florida","October 10, 2009","Burkhardt, Tonya",USA,18,38,,,,56,6,FITNESS
2009 IFBB FORT LAUDERDALE PRO,"Fort Lauderdale, Florida","October 10, 2009","Cacavieli, Susana",Argentina,62,DNF,,,,, ,FITNESS
2009 IFBB FORT LAUDERDALE PRO,"Fort Lauderdale, Florida","October 10, 2009","Duncan, Nicole",USA,23,10,,,,33,2,FITNESS
2009 IFBB FORT LAUDERDALE PRO,"Fort Lauderdale, Florida","October 10, 2009","Hughes, Liza",USA,48,59,,,,107,11,FITNESS
2009 IFBB FORT LAUDERDALE PRO,"Fort Lauderdale, Florida","October 10, 2009","Larvie, Victoria",USA,69,32,,,,101,10,FITNESS
2009 IFBB FORT LAUDERDALE PRO,"Fort Lauderdale, Florida","October 10, 2009","Marquez, Nita",USA,28,20,,,,48,5,FITNESS
2009 IFBB FORT LAUDERDALE PRO,"Fort Lauderdale, Florida","October 10, 2009","Mayberry, Michele",USA,37,59,,,,96,9,FITNESS
2009 IFBB FORT LAUDERDALE PRO,"Fort Lauderdale, Florida","October 10, 2009","Murray-Ward, Bridgette",USA,73,44,,,,117,13,FITNESS
2009 IFBB FORT LAUDERDALE PRO,"Fort Lauderdale, Florida","October 10, 2009","Newton, Leslie Rae",USA,58,DNF,,,,, ,FITNESS
2009 IFBB FORT LAUDERDALE PRO,"Fort Lauderdale, Florida","October 10, 2009","Polanco, Yenny",USA,21,23,,,,44,3,FITNESS
2009 IFBB FORT LAUDERDALE PRO,"Fort Lauderdale, Florida","October 10, 2009","Rojas, Kristina",USA,9,37,,,,46,4,FITNESS
2009 IFBB FORT LAUDERDALE PRO,"Fort Lauderdale, Florida","October 10, 2009","Stuart, Sandi",USA,53,59,,,,112,12,FITNESS
2009 IFBB FORT LAUDERDALE PRO,"Fort Lauderdale, Florida","October 10, 2009","Vaines, Kizzy",United Kingdom,6,5,,,,11,1,FITNESS
2009 IFBB FORT LAUDERDALE PRO,"Fort Lauderdale, Florida","October 10, 2009","Walker, Desiree",USA,41,30,,,,71,7,FITNESS
2009 IFBB FORT LAUDERDALE PRO,"Fort Lauderdale, Florida","October 10, 2009","Ward, Sandie",USA,78,61,,,,139,14,FITNESS
2009 IFBB SACRAMENTO PRO,"Sacramento, California","November 7, 2009","Arcinas, Huong",USA,13,13,,,,26,3,Pro Figure
2009 IFBB SACRAMENTO PRO,"Sacramento, California","November 7, 2009","Briscoe, Jeni",Canada,80,80,,,,160,16,Pro Figure
2009 IFBB SACRAMENTO PRO,"Sacramento, California","November 7, 2009","Brown, Cheryl",USA,12,13,,,,25,2,Pro Figure
2009 IFBB SACRAMENTO PRO,"Sacramento, California","November 7, 2009","Chase, Raechelle",New Zealand,46,47,,,,93,10,Pro Figure
2009 IFBB SACRAMENTO PRO,"Sacramento, California","November 7, 2009","Cooper, Serena",Canada,80,80,,,,160,16,Pro Figure
2009 IFBB SACRAMENTO PRO,"Sacramento, California","November 7, 2009","DeGuzman, Meriza",USA,39,35,,,,74,7,Pro Figure
2009 IFBB SACRAMENTO PRO,"Sacramento, California","November 7, 2009","Dumon, Andrea",USA,80,80,,,,160,16,Pro Figure
2009 IFBB SACRAMENTO PRO,"Sacramento, California","November 7, 2009","Gangi, Valerie",USA,80,80,,,,160,16,Pro Figure
2009 IFBB SACRAMENTO PRO,"Sacramento, California","November 7, 2009","Georges, Nancy",USA,80,80,,,,160,16,Pro Figure
2009 IFBB SACRAMENTO PRO,"Sacramento, California","November 7, 2009","Hawkins, Carin",USA,40,35,,,,75,8,Pro Figure
2009 IFBB SACRAMENTO PRO,"Sacramento, California","November 7, 2009","Jones-Williams, Allison",USA,59,63,,,,122,12,Pro Figure
2009 IFBB SACRAMENTO PRO,"Sacramento, California","November 7, 2009","Kifer, Danielle",USA,64,55,,,,119,11,Pro Figure
2009 IFBB SACRAMENTO PRO,"Sacramento, California","November 7, 2009","Kulla, Julie Ann",USA,13,13,,,,26,4,Pro Figure
2009 IFBB SACRAMENTO PRO,"Sacramento, California","November 7, 2009","Nigro-Ismael, Akane",USA,22,25,,,,47,5,Pro Figure
2009 IFBB SACRAMENTO PRO,"Sacramento, California","November 7, 2009","Nunn, Kristin",USA,34,35,,,,69,6,Pro Figure
2009 IFBB SACRAMENTO PRO,"Sacramento, California","November 7, 2009","O'Neil, Amy",USA,41,49,,,,90,9,Pro Figure
2009 IFBB SACRAMENTO PRO,"Sacramento, California","November 7, 2009","Pratt, Ann",USA,80,80,,,,160,16,Pro Figure
2009 IFBB SACRAMENTO PRO,"Sacramento, California","November 7, 2009","Rountree, April",USA,80,80,,,,160,16,Pro Figure
2009 IFBB SACRAMENTO PRO,"Sacramento, California","November 7, 2009","Roy, Sherlyn",USA,64,68,,,,132,14,Pro Figure
2009 IFBB SACRAMENTO PRO,"Sacramento, California","November 7, 2009","Sanchez, Elvimar",Venezuela,80,80,,,,160,16,Pro Figure
2009 IFBB SACRAMENTO PRO,"Sacramento, California","November 7, 2009","Tauti, Kristi",USA,13,11,,,,24,1,Pro Figure
2009 IFBB SACRAMENTO PRO,"Sacramento, California","November 7, 2009","Tothova, Alexandra",Czech Republic,80,80,,,,160,16,Pro Figure
2009 IFBB SACRAMENTO PRO,"Sacramento, California","November 7, 2009","Turner, Terri",USA,62,64,,,,126,13,Pro Figure
2009 IFBB SACRAMENTO PRO,"Sacramento, California","November 7, 2009","Valle, Waleska",USA,80,80,,,,160,16,Pro Figure
2009 IFBB SACRAMENTO PRO,"Sacramento, California","November 7, 2009","Waples, Natalie",Canada,73,72,,,,145,15,Pro Figure
2009 IFBB SACRAMENTO PRO,"Sacramento, California","November 7, 2009","Woodle, Karly",USA,80,80,,,,160,16,Pro Figure
2009 IFBB SACRAMENTO PRO,"Sacramento, California","November 7, 2009","Aktolga, Serdar",Turkey,80,,,,,,16,Men's Bodybuilding
2009 IFBB SACRAMENTO PRO,"Sacramento, California","November 7, 2009","Almohsinawi, Khalid",Netherland,49,,,,,,10,Men's Bodybuilding
2009 IFBB SACRAMENTO PRO,"Sacramento, California","November 7, 2009","Atoyan, Grigori",USA,31,,,,,,7,Men's Bodybuilding
2009 IFBB SACRAMENTO PRO,"Sacramento, California","November 7, 2009","Barrios, Jorge",Spain,DNS,,,,,,DNS,Men's Bodybuilding
2009 IFBB SACRAMENTO PRO,"Sacramento, California","November 7, 2009","Becht, Markus",Germany,66,,,,,,13,Men's Bodybuilding
2009 IFBB SACRAMENTO PRO,"Sacramento, California","November 7, 2009","Castagnet, Eric",France,80,,,,,,16,Men's Bodybuilding
2009 IFBB SACRAMENTO PRO,"Sacramento, California","November 7, 2009","Charles, Darrem",Trinidad,43,,,,,,8,Men's Bodybuilding
2009 IFBB SACRAMENTO PRO,"Sacramento, California","November 7, 2009","Cherry, Adorthus",USA,50,,,,,,11,Men's Bodybuilding
2009 IFBB SACRAMENTO PRO,"Sacramento, California","November 7, 2009","Churchill, Rob",Canada,80,,,,,,16,Men's Bodybuilding
2009 IFBB SACRAMENTO PRO,"Sacramento, California","November 7, 2009","Dim, Kris",USA,21,22,,,,43,4,Men's Bodybuilding
2009 IFBB SACRAMENTO PRO,"Sacramento, California","November 7, 2009","Dugdale, Mark",USA,30,,,,,,6,Men's Bodybuilding
2009 IFBB SACRAMENTO PRO,"Sacramento, California","November 7, 2009","Faour, Aiman",Lebanon,80,,,,,,16,Men's Bodybuilding
2009 IFBB SACRAMENTO PRO,"Sacramento, California","November 7, 2009","Freeman, Toney",USA,7,6,,,,13,1,Men's Bodybuilding
2009 IFBB SACRAMENTO PRO,"Sacramento, California","November 7, 2009","Jablonicky, Pavol",Czech Republic,70,,,,,,15,Men's Bodybuilding
2009 IFBB SACRAMENTO PRO,"Sacramento, California","November 7, 2009","Karamanlakis, Emmanouil",Greece,68,,,,,,14,Men's Bodybuilding
2009 IFBB SACRAMENTO PRO,"Sacramento, California","November 7, 2009","Kjellstrom, Martin",Sweden,49,,,,,,9,Men's Bodybuilding
2009 IFBB SACRAMENTO PRO,"Sacramento, California","November 7, 2009","Nitforo, Jo Jo",USA,80,,,,,,16,Men's Bodybuilding
2009 IFBB SACRAMENTO PRO,"Sacramento, California","November 7, 2009","Nunn, Edward",USA,30,18,,,,48,5,Men's Bodybuilding
2009 IFBB SACRAMENTO PRO,"Sacramento, California","November 7, 2009","Piotrkowicz, Robert",Poland,17,18,,,,35,3,Men's Bodybuilding
2009 IFBB SACRAMENTO PRO,"Sacramento, California","November 7, 2009","Richardson, Craig",USA,8,12,,,,20,2,Men's Bodybuilding
2009 IFBB SACRAMENTO PRO,"Sacramento, California","November 7, 2009","Sauvage, Frederic",France,64,,,,,,12,Men's Bodybuilding
2009 IFBB SACRAMENTO PRO,"Sacramento, California","November 7, 2009","Senior, Heinz",Venezuela,80,,,,,,16,Men's Bodybuilding
2009 IFBB KENTUCKY PRO MUSCLE,"Louisville, Kentucky","November 14, 2009","Anthony, Teresa",USA,16,16,,,,32,3,FIGURE
2009 IFBB KENTUCKY PRO MUSCLE,"Louisville, Kentucky","November 14, 2009","Billings, Stephanie",USA,58,50,,,,108,11,FIGURE
2009 IFBB KENTUCKY PRO MUSCLE,"Louisville, Kentucky","November 14, 2009","Briceno, Tivisay",USA,57,55,,,,112,12,FIGURE
2009 IFBB KENTUCKY PRO MUSCLE,"Louisville, Kentucky","November 14, 2009","Brown, Cheryl",USA,5,5,,,,10,1,FIGURE
2009 IFBB KENTUCKY PRO MUSCLE,"Louisville, Kentucky","November 14, 2009","Calland, Natalie",USA,66,66,,,,132,13,FIGURE
2009 IFBB KENTUCKY PRO MUSCLE,"Louisville, Kentucky","November 14, 2009","Cammon, Rachel",USA,73,73,,,,146,15,FIGURE
2009 IFBB KENTUCKY PRO MUSCLE,"Louisville, Kentucky","November 14, 2009","Casoni, Cristiana",Italy,45,43,,,,88,9,FIGURE
2009 IFBB KENTUCKY PRO MUSCLE,"Louisville, Kentucky","November 14, 2009","Clay, Jessica",USA,80,80,,,,160,16,FIGURE
2009 IFBB KENTUCKY PRO MUSCLE,"Louisville, Kentucky","November 14, 2009","Haines, Valerie",USA,50,50,,,,100,10,FIGURE
2009 IFBB KENTUCKY PRO MUSCLE,"Louisville, Kentucky","November 14, 2009","Kulla, Julieann",USA,10,10,,,,20,2,FIGURE
2009 IFBB KENTUCKY PRO MUSCLE,"Louisville, Kentucky","November 14, 2009","Martin, Amy Lee",USA,80,80,,,,160,16,FIGURE
2009 IFBB KENTUCKY PRO MUSCLE,"Louisville, Kentucky","November 14, 2009","Mello, Patricia",Brazil,19,19,,,,38,4,FIGURE
2009 IFBB KENTUCKY PRO MUSCLE,"Louisville, Kentucky","November 14, 2009","Romero, Rosa Maria",Australia,40,42,,,,82,8,FIGURE
2009 IFBB KENTUCKY PRO MUSCLE,"Louisville, Kentucky","November 14, 2009","Roy, Sherlyn",USA,31,32,,,,63,6,FIGURE
2009 IFBB KENTUCKY PRO MUSCLE,"Louisville, Kentucky","November 14, 2009","Selwald, Liane",USA,80,80,,,,160,16,FIGURE
2009 IFBB KENTUCKY PRO MUSCLE,"Louisville, Kentucky","November 14, 2009","Sutter, Laura",USA,80,80,,,,160,16,FIGURE
2009 IFBB KENTUCKY PRO MUSCLE,"Louisville, Kentucky","November 14, 2009","Titone, Ann",USA,34,33,,,,67,7,FIGURE
2009 IFBB KENTUCKY PRO MUSCLE,"Louisville, Kentucky","November 14, 2009","Togrul, Stephanie",USA,71,71,,,,142,14,FIGURE
2009 IFBB KENTUCKY PRO MUSCLE,"Louisville, Kentucky","November 14, 2009","Toth, Jennifer",USA,80,80,,,,160,16,FIGURE
2009 IFBB KENTUCKY PRO MUSCLE,"Louisville, Kentucky","November 14, 2009","Turner, Terri",USA,25,25,,,,50,5,FIGURE
